:020000040800F2
:1000000000000320F52300086D2200087522000877
:100010007D220008852200088D22000800000000D3
:100020000000000000000000000000009522000811
:10003000A322000800000000B1220008BF2200082F
:100040004D2400084D2400084D240008CB22000850
:100050004D2400084D2400084D2400084D240008BC
:100060004D2400084D2400084D240008D922000822
:100070004D2400084D2400084D2400084D2400089C
:100080004D2400084D240008ED2200084D240008EE
:100090004D2400084D2400084D2400084D2400087C
:1000A0004D2400084D2400084D2400084D2400086C
:1000B000012300084D2400084D2400084D240008A9
:1000C0004D2400084D2400084D2400084D2400084C
:1000D0004D2400084D2400084D2400084D2400083C
:1000E0004D2400084D2400084D2400084D2400082C
:1000F00015230008212300082D2300084D240008A3
:100100004D2400084D2400084D2400084D2400080B
:100110004D2400084D2400084D2400084D240008FB
:100120004D2400084D2400084D2400084D240008EB
:0C0130004D2400084D2400084D24000858
:10013C00034613F8012B002AFBD1181A013870471B
:10014C000348044B834202D0034B03B1184770475A
:10015C005400002054000020000000000548064B0D
:10016C001B1AD90F01EBA301491002D0034B03B1A9
:10017C001847704754000020540000200000000075
:10018C0010B5064C237843B9FFF7DAFF044B13B1D3
:10019C000448AFF300800123237010BDAC00002095
:1001AC000000000060B9000808B5054B1BB10549FB
:1001BC000548AFF30080BDE80840FFF7CFBF00BF94
:1001CC0000000000B000002060B9000880B483B0CB
:1001DC0000AF7860064BD3F8902005497B68134339
:1001EC00C1F8903000BF0C37BD465DF8047B7047FA
:1001FC000008005880B485B000AF78604FF0B04371
:10020C00DA6C4FF0B0417B681343CB644FF0B043D2
:10021C00DA6C7B681340FB60FB6800BF1437BD468B
:10022C005DF8047B704780B485B000AF78604FF008
:10023C00B043D3F84C214FF0B0417B681343C1F865
:10024C004C314FF0B043D3F84C217B681340FB602A
:10025C00FB6800BF1437BD465DF8047B704780B562
:10026C0000AF02F0C5F902F0C9F94FF48030FFF786
:10027C00ADFF00F021F800F0C1F800BF80BD000018
:10028C00B0B588B000AF0B4B3C1D1D460FCD0FC455
:10029C0095E8070003C422800234130C237009F084
:1002AC0015FA3B1D184608F0A6FC00BF2037BD46CA
:1002BC00B0BD00BF78B9000880B588B000AF3B1D59
:1002CC0000221A605A609A60DA601A610023BB83BC
:1002DC0000237B8300233B830023FB7736E0FB7FEB
:1002EC00434ADB0013449B79002B2CD0FB7F404A04
:1002FC0052F833303F4A93421BD03E4A934221D8A6
:10030C00B3F1904F03D03C4A934209D01AE0FB7FE3
:10031C00374ADB0013449A88BB8B1343BB8312E030
:10032C00FB7F334ADB0013449A887B8B13437B831C
:10033C0009E0FB7F2E4ADB0013449A883B8B134366
:10034C003B8300E000BFFB7F0133FB77FB7F252B5A
:10035C00C5D90023FB600123BB6003233B61BB8B2E
:10036C00002B14D0BB8B7B600120FFF743FF0120D7
:10037C00FFF759FF3B1D19464FF0904004F008F968
:10038C00BB8B002219464FF0904004F071FA7B8B26
:10039C00002B12D07B8B7B600220FFF72BFF0220FF
:1003AC00FFF741FF3B1D1946134804F0F1F87B8B16
:1003BC0000221946104804F05BFA3B8B002B13D03B
:1003CC003B8B7B600420FFF715FF0420FFF72BFF0E
:1003DC003B1D1946074804F0DBF83B8B00221946FD
:1003EC00044804F045FA00BF00BF2037BD4680BD6D
:1003FC0004BA0008000800480004004880B400AFAC
:10040C0000BFBD465DF8047B7047000080B483B02C
:10041C0000AF7860074BD3F8803023F00702054912
:10042C007B681343C1F8803000BF0C37BD465DF8C4
:10043C00047B70470004005880B483B000AF786030
:10044C00064BD3F8902005497B681343C1F89030D4
:10045C0000BF0C37BD465DF8047B704700080058A0
:10046C0080B483B000AF78604FF0B0430A4AC3F851
:10047C009C204FF0B043D3F89C3023F47C527B6823
:10048C001B024FF0B0411343C1F89C3000BF0C3736
:10049C00BD465DF8047B7047FECAFECA80B483B0CB
:1004AC0000AF78604FF0B0439B6823F400424FF0EC
:1004BC00B0417B6813438B6000BF0C37BD465DF8C1
:1004CC00047B704780B400AF4FF0B043D3F890304A
:1004DC004FF0B04243F48033C2F8903000BFBD46B9
:1004EC005DF8047B704780B400AF4FF0B043D3F895
:1004FC0090304FF0B04223F48033C2F8903000BFFC
:10050C00BD465DF8047B704780B400AF4FF0B0433C
:10051C00D3F8943003F08063B3F1806F01D10123E1
:10052C0000E000231846BD465DF8047B704780B49C
:10053C0000AF4FF0B043D3F8943003F08053B3F1D5
:10054C00805F01D1012300E000231846BD465DF811
:10055C00047B704780B485B000AF78604FF0B04337
:10056C001A6D4FF0B0417B6813430B654FF0B043ED
:10057C001A6D7B681340FB60FB6800BF1437BD46E7
:10058C005DF8047B7047000080B400AF044B1B681F
:10059C00C3F30B031846BD465DF8047B704700BFE0
:1005AC00002004E080B400AF044B1B681B0C9BB212
:1005BC001846BD465DF8047B704700BF002004E080
:1005CC0080B483B000AF786039607B685A683B6850
:1005DC001B041A437B685A6000BF0C37BD465DF89C
:1005EC00047B704780B483B000AF786039607B685F
:1005FC005A683B681A437B685A6000BF0C37BD468B
:10060C005DF8047B704780B483B000AF78603960CC
:10061C007B685A693B681B041A437B685A6100BFAC
:10062C000C37BD465DF8047B704780B483B000AFD7
:10063C00786039607B685A693B681A437B685A61F9
:10064C0000BF0C37BD465DF8047B704780B483B0A7
:10065C0000AF786039607B683A689A6000BF0C37ED
:10066C00BD465DF8047B704780B483B000AF786002
:10067C0039607B683A689A6100BF0C37BD465DF8FB
:10068C00047B704780B483B000AF78607B68FF2236
:10069C005A6200BF0C37BD465DF8047B704780B4CE
:1006AC0083B000AF78607B68CA225A627B685322A1
:1006BC005A6200BF0C37BD465DF8047B704780B4AE
:1006CC0083B000AF786039607B689B6823F00702C9
:1006DC003B681A437B689A6000BF0C37BD465DF8D7
:1006EC00047B704780B500AF044B4FF400421A6195
:1006FC0000F02AF800F06AF800BF80BD00400058F6
:10070C0080B500AF00F076F800F08EF806490020B6
:10071C0000F0B4FDFFF7A3FD012101200AF040FE1B
:10072C0000F090F800BF80BD6802002080B400AFDC
:10073C0000BFBD465DF8047B704780B500AF50200C
:10074C00FFF77AFE00BF80BD80B500AF00F004F863
:10075C0000F01AF800BF80BD80B500AFFFF7D4FEE3
:10076C000346002B0DD0FFF7E2FE0346002B08D109
:10077C0004F040F904F03EF9FFF7A4FEFFF7B3FED6
:10078C0000BF00BF80BD000080B500AF4FF48010EB
:10079C00FFF7E0FE3F210C48FFF758FF3F210A48C6
:1007AC00FFF762FF3F210848FFF70AFF3F21064889
:1007BC00FFF729FF3F210448FFF714FF3F210248B0
:1007CC00FFF733FF00BF80BD000C005880B582B02E
:1007DC0000AF002009F006F878607B68002B05D08C
:1007EC007B689B791846FFF73BFE00BF00BF0837BC
:1007FC00BD4680BD80B500AFFFF798FFFFF79DFFAA
:10080C0000F002F800BF80BD80B500AF0548FFF7CF
:10081C0046FF00210348FFF752FF0248FFF732FF63
:10082C0000BF80BD0028004080B500AF4FF40040F1
:10083C00FFF734FE0AF0A2FD0420FFF7E7FD00BF2E
:10084C0080BD000080B588B000AF08F089FD114A6A
:10085C00002120200AF006FF0F4B3B600F4B7B6002
:10086C003B4619460E4808F03DFC0E4BBB600E4B48
:10087C00FB600E4B3B6140F23C537B6107F108037C
:10088C00184608F0AFFE08F065FD00BF2037BD46E6
:10089C0080BD00BF2991000834070320BD08000863
:1008AC00D50800084C09032040080320F801032058
:1008BC0080B483B000AF0346FB7100BF0C37BD465C
:1008CC005DF8047B7047000080B588B000AF78609D
:1008DC007B685B680B33FB61FB691B889BB2A3F5E0
:1008EC001243072B1FD801A252F823F01909000854
:1008FC002B090008330900083309000833090008E4
:10090C0033090008330900083309000807F10C0308
:10091C00184608F09DF9786800F01BF804E0786838
:10092C0000F006F800E000BF00BF2037BD4680BDD8
:10093C0080B485B000AF78607B685B680B33FB607C
:10094C00FB680233BB6000BF1437BD465DF8047B07
:10095C00704780B58AB000AF786007F108030022B9
:10096C001A605A609A60DA6000237B6200233B6253
:10097C007B685B680B33FB61FB690233BB61BB6952
:10098C001B78002B1DD1FFF77BFC0F233B727F23C1
:10099C00BB72FFF707FE78627B6A9BB2BB82FFF7E4
:1009AC00F3FD38623B6A9BB2FB8207F108031846E1
:1009BC0008F038F909F020F8002101200AF0F0FCC9
:1009CC0007E0BB691B78012B03D17B6800221A70EE
:1009DC0000BF00BF2837BD4680BD80B500AF4FF0CB
:1009EC00FF300AF043FD00BF80BD80B500AF0AF0B8
:1009FC0007FD00BF80BD80B582B000AF7860396064
:100A0C004FF0FF300AF032FD00BF0837BD4680BD05
:100A1C0080B582B000AF7860002120200AF044FE3F
:100A2C0000BF0837BD4680BD80B582B000AF78608E
:100A3C0002200AF0A5FE00BF0837BD4680BD80B578
:100A4C0082B000AF786002200AF0BAFE00BF08370F
:100A5C00BD4680BD80B483B000AF7860064BD3F840
:100A6C00802005497B681343C1F8803000BF0C37E8
:100A7C00BD465DF8047B70470008005880B483B015
:100A8C0000AF7860054B1A6804497B6813430B6010
:100A9C0000BF0C37BD465DF8047B7047000800585A
:100AAC0080B483B000AF0D4B9B6A9BB27B600B4B49
:100ABC009B6A9BB23B6005E03B687B60074B9B6A83
:100ACC009BB23B607A683B689A42F5D13B6818460A
:100ADC000C37BD465DF8047B704700BF0028004012
:100AEC0080B485B000AF03460A46FB711346BB7158
:100AFC00BA791D4913465B001344DB000B441533D4
:100B0C001B78FB73FB7B062B09D0FA7B164913462B
:100B1C005B001344DB000B441433FA791A70FA7936
:100B2C00114913465B001344DB000B441533FA7B6D
:100B3C001A70FA790C4913465B001344DB000B4422
:100B4C001433BA791A70BA79074913465B00134407
:100B5C00DB000B441533FA791A7000BF1437BD460D
:100B6C005DF8047B704700BFC800002080B485B0DE
:100B7C0000AF03460A46FB711346BB71294B1B7829
:100B8C00DBB2BA799A4232D0BA79274913465B0064
:100B9C001344DB000B4414331B78FB73FA7B2249A0
:100BAC0013465B001344DB000B441533FA791A70BF
:100BBC00FA791D4913465B001344DB000B441533D3
:100BCC00BA791A70FA79184913465B001344DB00A2
:100BDC000B441433FA7B1A70BA79134913465B0031
:100BEC001344DB000B441433FA791A7014E0FA79CD
:100BFC000D4913465B001344DB000B441533BA79E3
:100C0C001A70BA79084913465B001344DB000B4495
:100C1C001433FA791A7000BF1437BD465DF8047BA3
:100C2C00704700BF58010020C800002080B584B078
:100C3C0000AF0346FB714E4B1B78DBB2062B18D171
:100C4C004B4B1B78DAB24B4B1A70494AFB79137039
:100C5C00FA79494913465B001344DB000B44153306
:100C6C0006221A70454B4FF0FF321A600023FB81AD
:100C7C0078E000F009F90346FB81FA793E49134606
:100C8C005B001344DB000B4408331968FB89FA79C9
:100C9C001944394813465B001344DB000344083302
:100CAC001960FA79344913465B001344DB000B449A
:100CBC0008331B68BB602E4B1B78DBB219462E4ADF
:100CCC000B465B000B44DB00134408331B68BA680B
:100CDC009A4237D3264B1B787B737A7B2649134673
:100CEC005B001344DB000B4415331B783B7313E0A0
:100CFC007A7B214913465B001344DB000B4415330C
:100D0C001B787B737A7B1C4913465B001344DB0016
:100D1C000B4415331B783B733B7B062B0BD03A7B78
:100D2C00154913465B001344DB000B4408331B6866
:100D3C00BA689A42DCD27A7BFB7911461846FFF7E7
:100D4C00CFFE0FE00A4B1B78DAB2FB79114618463E
:100D5C00FFF70CFF064B1B78DAB2064B1A70044AED
:100D6C00FB791370FB8918461037BD4680BD00BF58
:100D7C005801002059010020C80000205C0100200F
:100D8C0080B485B000AF03460A46FB711346BB71B5
:100D9C00394B1B78DBB2FA799A4211D1364B1B785E
:100DAC00DAB2364B1A70FA79354913465B001344A4
:100DBC00DB000B4415331B78DAB22F4B1A703EE074
:100DCC00FA792F4913465B001344DB000B441433B0
:100DDC001B78FB73FA792A4913465B001344DB003A
:100DEC000B4415331B78BB73F979FA7B24480B46FB
:100DFC005B000B44DB00034415331B78D8B220494D
:100E0C0013465B001344DB000B44153302461A7087
:100E1C00BB7B062B13D0F979BA7B19480B465B00C8
:100E2C000B44DB00034414331B78D8B2144913462B
:100E3C005B001344DB000B44143302461A70FA793E
:100E4C000F4913465B001344DB000B440C330122A7
:100E5C001A70094B1B78DBB2062B07D1BB79002B20
:100E6C0004D1084B4FF0FF321A6000BF00BF14379B
:100E7C00BD465DF8047B70475801002059010020E5
:100E8C00C80000205C01002080B582B000AF1A4B76
:100E9C001B68B3F1FF3F26D0FFF702FE7860164BBC
:100EAC001B687A689A4205D8134B1A687B68D31A68
:100EBC007B600AE0114B1B881A467B68D31A3B6097
:100ECC000D4B1B683A6813447B600D4B1B781A461C
:100EDC007B6802FB03F37B600A4B1B781A467B682A
:100EEC00D3407B6001E000237B607B689BB218469B
:100EFC000837BD4680BD00BF5C01002064010020A6
:100F0C00620100206101002080B582B000AF034671
:100F1C00FB80FB88002B08D1FFF7C2FD0346214A5A
:100F2C001360032003F0A3F839E0FB88012B03D8EE
:100F3C001D4B1B78012B02D0FB88013BFB8000BFB3
:100F4C001A4B1B68DB6803F00403002BF8D0174B1B
:100F5C001B68DB68DAB2154B1B6862F49062DA60CE
:100F6C00134B4FF40022DA60032003F08EF8114B80
:100F7C005B691B0C1B04FA880E4913434B61FFF78A
:100F8C008FFD0346074A1360084B1B689A68074B92
:100F9C001B6842F480629A60AFF3008000BF083790
:100FAC00BD4680BD5C01002061010020680200206C
:100FBC00000800580028004080B584B000AF454BB5
:100FCC009B6803F48063B3F5806F07D100BF424B7D
:100FDC001B68DB6803F00403002BF8D13E4B1B6845
:100FEC009A683D4B1B6822F480629A603B4B1B78DD
:100FFC00FB73FA7B3A4913465B001344DB000B444A
:10100C0008331B68BB60FFF73FFF0346FB80FB8880
:10101C00BA689A4205D20023BB81324B01221A7066
:10102C004DE0FB88304A128892B213441A46BB68D2
:10103C00934206D92C4B1B88BB812A4B00221A7079
:10104C003DE0BB689AB2FB88D31ABB81254B0122C9
:10105C001A7034E0FA7B224913465B001344DB0020
:10106C000B4408331A68FB889A420AD2FA7B1C4953
:10107C0013465B001344DB000B44083300221A6058
:10108C0013E0FA7B164913465B001344DB000B4458
:10109C0008331968FB88FA7BC91A114813465B00A0
:1010AC001344DB00034408331960FA7B0C491346E4
:1010BC005B001344DB000B4415331B78FB73FB7B89
:1010CC00062BC7D1BB891846FFF71EFF00BF103790
:1010DC00BD4680BD00280040680200205801002059
:1010EC00C8000020600100206601002080B58AB095
:1010FC0000AFEFF310837B617B697B6272B600BF3C
:10110C00594B1B68CA225A62574B1B6853225A62AE
:10111C00554B1B689A68544B1B6822F480629A608A
:10112C00524B1B7887F8233097F8232050491346ED
:10113C005B001344DB000B440C331B78DBB2022B3B
:10114C006ED197F823204A4913465B001344DB0009
:10115C000B441B68FB6197F82320454913465B0041
:10116C001344DB000B4410331B68BB61414B1B78F1
:10117C00DBB2002B4CD097F823203D4913465B0083
:10118C001344DB000B440D331B78DBB2012B24D151
:10119C0097F8233001211846FFF7F2FD7B6A3B617B
:1011AC003B6983F3108800BF97F82320304913461E
:1011BC005B001344DB000B4404331A6897F82330AC
:1011CC001146184600F032FA274B1B68CA225A62A5
:1011DC00254B1B6853225A6212E07B6AFB60FB684A
:1011EC0083F3108800BF97F82330184600F09AF963
:1011FC001D4B1B68CA225A621B4B1B6853225A6236
:10120C0097F82330FA691946B86900F095FA22E08C
:10121C00FFF7D2FE7B6ABB60BB6883F310881AE0D1
:10122C0000BF114B1B68DB6803F00403002BF8D0E4
:10123C000D4B1B68DB68DAB20B4B1B6862F49062D7
:10124C00DA600D4B4FF40022DA607B6A7B607B68BE
:10125C0083F3108800BF044B1B68FF225A6200BF47
:10126C002837BD4680BD00BF680200205801002011
:10127C00C8000020600100200008005880B588B02C
:10128C0000AF03463960FB715E4B1B68CA225A6281
:10129C005C4B1B6853225A625B4B9B685A4A43F067
:1012AC0020039360584B9B68DBB203F00703DBB25F
:1012BC00C3F10403DAB2554B1A70534B1B6903F498
:1012CC00FE034FF4FE023A613A6992FAA2F2FA6016
:1012DC00FA687A617A69002A01D1202203E07A69DE
:1012EC00B2FA82F2D2B2D340DBB20133DAB2484B5B
:1012FC001A70454B1B699BB2C3F30E039BB20133AF
:10130C009AB2444B1A80434B1B88013B404A1278DB
:10131C0002FB03F3A3F5A0733C4A1278D340BB61E4
:10132C00BB694FF6FE72934204D93B4B4FF6FF72EA
:10133C001A8003E0BB699AB2374B1A804FF4002035
:10134C00FFF79CFB4FF40020FFF784FBFB79002B8D
:10135C003DD1324B01221A70314B4FF0FF321A60E3
:10136C000023FB770CE0FA7F2E4913465B001344F5
:10137C00DB000B440C3300221A70FB7F0133FB772C
:10138C00FB7F052BEFD9284B06221A701D4B1B68CF
:10139C009A681C4B1B6822F480629A60194B1B687C
:1013AC00DB68DAB2174B1B6862F49062DA601F4B91
:1013BC004FF40022DA60032002F067FE114B1B6829
:1013CC009A68104B1B6842F480429A6009E00D4BFE
:1013DC001B68DB6803F48063002B02D0032002F04F
:1013EC0046FE084B1B68FF225A6200220321032091
:1013FC0002F0FBFD032002F012FE00BF2037BD46B9
:10140C0080BD00BF68020020002800406101002060
:10141C0062010020640100206601002060010020B0
:10142C005C010020C8000020580100200008005872
:10143C0080B48BB000AFF860B9603B601346FB71B1
:10144C00002387F82630EFF31083FB61FB693B62C6
:10145C0072B600BF04E097F82630013387F82630C7
:10146C0097F82630052B0CD897F826202C491346D4
:10147C005B001344DB000B440C331B78DBB2002BFA
:10148C00E9D197F82630062B38D097F82620244936
:10149C0013465B001344DB000B440C3301221A701F
:1014AC003B6ABB61BB6983F3108800BF97F82620A9
:1014BC001B4913465B001344DB000B441033FA68E2
:1014CC001A6097F82620164913465B001344DB007C
:1014DC000B440D33FA791A7097F8262010491346ED
:1014EC005B001344DB000B443A681A60BB6897F846
:1014FC0026201A70002387F8273008E03B6A7B61AE
:10150C007B6983F3108800BF012387F8273097F895
:10151C00273018462C37BD465DF8047B704700BF5A
:10152C00C800002080B586B000AF0346FB71EFF316
:10153C001083FB60FB687B6172B600BF032002F076
:10154C007CFD344B1B68CA225A62324B1B685322F7
:10155C005A62FA79304913465B001344DB000B44A2
:10156C000C331B78DBB2022B42D1FB7900211846DD
:10157C00FFF706FC294B1B78FB74FB7C062B2FD149
:10158C00274B9B6803F48063B3F5806F07D100BFD2
:10159C00204B1B68DB6803F00403002BF8D11D4BB8
:1015AC001B689A681B4B1B6822F480629A6000BF10
:1015BC00184B1B68DB6803F00403002BF8D0154BA9
:1015CC001B68DB68DAB2134B1B6862F49062DA605A
:1015DC00144B4FF40022DA60032002F056FD07E0B2
:1015EC00114B1B78DBB2FA7C9A4201D0FFF7E4FC7A
:1015FC00084B1B68FF225A62032002F010FD7B6926
:10160C00BB60BB6883F3108800BF00BF1837BD46B2
:10161C0080BD00BF68020020C800002058010020D7
:10162C0000280040000800585901002080B586B001
:10163C0000AF03463960FB71FA793B4913465B00F6
:10164C001344DB000B440C331B78DBB2022B03D1AD
:10165C00FB791846FFF766FFEFF31083FB60FB681E
:10166C007B6172B600BF032002F0E7FC2F4B1B68B6
:10167C00CA225A622D4B1B6853225A62FA792A49A4
:10168C0013465B001344DB000B440C3302221A702C
:10169C00FA79254913465B001344DB000B440833ED
:1016AC003A681A60FA79204913465B001344DB0050
:1016BC000B4404333A681A60FB791846FFF7B6FA04
:1016CC0003467B821A4B1B787B741A4B1B78DBB25C
:1016DC007A7C9A4202D0FFF76FFC13E0FA79124938
:1016EC0013465B001344DB000B44083319687B8AF8
:1016FC00FA79C91A0C4813465B001344DB00034407
:10170C0008331960094B1B68FF225A62032002F050
:10171C0086FC7B69BB60BB6883F3108800BF00BF8D
:10172C001837BD4680BD00BFC800002068020020ED
:10173C00580100205901002080B584B000AFF8603A
:10174C000B467A60FB727B68984700BF1037BD462A
:10175C0080BD80B483B000AF78604FF0B043D3F855
:10176C00903023F018024FF0B0417B681343C1F85E
:10177C00903000BF0C37BD465DF8047B704780B4D9
:10178C0085B000AF78604FF0B0439A6C4FF0B04129
:10179C007B6813438B644FF0B0439A6C7B681340A7
:1017AC00FB60FB6800BF1437BD465DF8047B7047D7
:1017BC0080B485B000AF78604FF0B043DA6C4FF076
:1017CC00B0417B681343CB644FF0B043DA6C7B6859
:1017DC001340FB60FB6800BF1437BD465DF8047B0B
:1017EC00704780B500AF00F05DFEFEF77BFF00F0A8
:1017FC0013F800F06DF800F021F900F0C7F900F0D3
:10180C00B3F900F085F800F02DF900F05FF9FEF760
:10181C0077FFFFF7E2F8FCE780B59AB000AF07F16D
:10182C0020034822002118460AF05AF83B1D0022DA
:10183C001A605A609A60DA601A615A619A6103F010
:10184C00D9F81020FFF785FF204B1B6823F4C063E9
:10185C001E4A43F4007313601C4B1B6803F4C063F3
:10186C003B603B6807233B624FF480337B62012370
:10187C00BB624FF48073FB6240233B630023FB6429
:10188C0007F12003184603F031FC0346002B01D06E
:10189C0000F0F0F96F237B600223BB600023FB6038
:1018AC0000233B6100237B610023BB610023FB61B0
:1018BC003B1D0121184603F08DFF0346002B01D080
:1018CC0000F0D8F900BF6837BD4680BD0004005851
:1018DC0080B594B000AF3B4650220021184609F069
:1018EC00FFFF4FF440533B604FF480437B64022373
:1018FC00BB641023FB643B46184604F07CFB034698
:10190C00002B01D000F0B6F900BF5037BD4680BDAA
:10191C0080B586B000AF3B4600221A605A609A60D0
:10192C00DA601A615A613F4B3F4A1A603D4B4FF4E3
:10193C0080325A603B4B00229A603A4B0022DA60AC
:10194C00384B01221A61374B04225A61354B002265
:10195C001A76344B00225A76324B0422DA61314B20
:10196C00002283F820202F4B4FF4D8629A622D4B23
:10197C004FF48062DA622B4B012283F83020294B22
:10198C0000225A63274B002283F83820254801F0A7
:10199C0063F80346002B01D000F06CF9234B3B603D
:1019AC0006237B600523BB607F23FB6004233B6124
:1019BC0000237B613B4619461A4801F0E7FB0346BE
:1019CC00002B01D000F056F9194B3B600C237B60C7
:1019DC003B461946134801F0D9FB0346002B01D0B6
:1019EC0000F048F9134B3B6012237B603B461946D1
:1019FC000C4801F0CBFB0346002B01D000F03AF968
:101A0C000D4B3B6018237B603B461946054801F0A3
:101A1C00BDFB0346002B01D000F02CF900BF18379A
:101A2C00BD4680BD68010020000004500200300457
:101A3C00040060080800900C1000C01080B500AFC6
:101A4C00064B074A1A60054802F04EFF0346002B6E
:101A5C0001D000F00FF900BF80BD00BF2C020020A8
:101A6C00000C005880B500AF164B174A1A60154B86
:101A7C0000225A60134B0F229A60124B47F6FF72EA
:101A8C00DA60104B00221A610E4B00229A610D4B4A
:101A9C000022DA610B4B00225A610A4804F032FD35
:101AAC000346002B01D000F0E5F800220021054888
:101ABC0004F028FE0346002B01D000F0DBF800BF39
:101ACC0080BD00BF680200200028004080B588B0AF
:101ADC0000AF07F1100300221A605A609A60DA60B6
:101AEC003B1D00221A605A609A601E4B4FF08042D8
:101AFC001A601C4B01225A601A4B00229A60194B37
:101B0C0041F63F72DA60174B00221A61154B002226
:101B1C009A61144804F0B2FE0346002B01D000F089
:101B2C00A9F84FF480533B6107F1100319460D4897
:101B3C0005F049F80346002B01D000F09BF8202358
:101B4C007B600023FB603B1D1946064805F042FAFA
:101B5C000346002B01D000F08DF800BF2037BD46A6
:101B6C0080BD00BF8C02002080B500AF0420FFF7C1
:101B7C0006FE0120FFF703FE002200210B2002F0DD
:101B8C0034FA0B2002F04BFA00BF80BD80B586B052
:101B9C0000AF3B1D00221A605A609A60DA601A612D
:101BAC000120FFF705FE0820FFF702FE0420FFF7D7
:101BBC00FFFD0220FFF7FCFD0022BE214FF09040FC
:101BCC0002F056FE002242F20801274802F050FEB5
:101BDC0000224FF4E071254802F04AFE00228021D9
:101BEC00234802F045FE002223211F4802F040FE4C
:101BFC00BE237B600123BB600023FB6000233B61A1
:101C0C003B1D19464FF0904002F0C2FC42F2080313
:101C1C007B603B1D1946144802F0BAFC23237B6001
:101C2C000123BB600023FB6002233B613B1D194673
:101C3C000D4802F0ADFC0123BB600023FB600023C8
:101C4C003B614FF4E0737B603B1D1946074802F083
:101C5C009FFC80237B603B1D1946054802F098FCD5
:101C6C0000BF1837BD4680BD00040048000800487E
:101C7C00000C004880B400AF72B600BF00BFFDE797
:101C8C0080B483B000AF7860064B1B6823F007026A
:101C9C0004497B6813430B6000BF0C37BD465DF8ED
:101CAC00047B70470004005880B400AF034B1F2224
:101CBC009A6100BFBD465DF8047B70470004005874
:101CCC0080B400AF074BD3F8883003F48063B3F5CE
:101CDC00806F01D1012300E000231846BD465DF85A
:101CEC00047B70470004005880B400AF074BD3F856
:101CFC00883003F40043B3F5004F01D1012300E019
:101D0C0000231846BD465DF8047B7047000400585C
:101D1C0080B400AF4FF0B0431B684FF0B04243F4B7
:101D2C008073136000BFBD465DF8047B704780B4C0
:101D3C0000AF4FF0B0431B6803F48063B3F5806FC2
:101D4C0001D1012300E000231846BD465DF8047B59
:101D5C00704780B483B000AF78604FF0B0439B689D
:101D6C0023F003024FF0B0417B6813438B6000BF3C
:101D7C000C37BD465DF8047B704780B400AF4FF064
:101D8C00B0439B6803F00C031846BD465DF8047B1A
:101D9C00704780B483B000AF78604FF0B0435B6A9B
:101DAC0023F003024FF0B0417B6813434B6200BF3A
:101DBC000C37BD465DF8047B7047000080B400AF63
:101DCC00054B1B69044A23F00403136100BFBD4695
:101DDC005DF8047B704700BF00ED00E080B400AFFD
:101DEC00054B1B69044A43F00403136100BFBD4655
:101DFC005DF8047B704700BF00ED00E080B483B059
:101E0C0000AF786039607B683A68203253F8223032
:101E1C00054A934201D0012300E0002318460C37F9
:101E2C00BD465DF8047B70470004008080B485B02B
:101E3C0000AFF860B9607A607B6843F48061FB683E
:101E4C00BA6843F8221000BF1437BD465DF8047B16
:101E5C00704780B500AF00F0ABFB00F035F8FFF732
:101E6C0023FF0320FFF70CFFFFF7B8FF30BF00BFC5
:101E7C0080BD80B500AF00F0ABFB00BF80BD80B56E
:101E8C0000AF00F095FB00F01FF80220FFF7F8FE02
:101E9C00FFF7A4FF30BF00BF80BD80B500AF00F0DE
:101EAC004FF800F095FB00BF80BD80B500AF00F08F
:101EBC007FFBFFF783FF30BF00BF80BD80B500AF55
:101ECC0000F086FB00BF80BD80B500AF00BF0321D2
:101EDC001948FFF793FF0346002BF8D1042116484D
:101EEC00FFF78CFF0346002B17D1FFF7FDFE0346CF
:101EFC00002B04D1FFF7E4FE0346002B15D0002283
:101F0C0004210D48FFF792FF00F034F80B4B1B68CF
:101F1C000A4A23F00703136007E000F02BF8074B85
:101F2C001B68064A23F007031360002203210248B2
:101F3C00FFF77CFF00BF80BD001400580040005824
:101F4C0080B500AF002204210948FFF76FFF00BFE6
:101F5C0003210748FFF752FF0346002BF8D1FFF788
:101F6C000CFF002203210248FFF760FF00BF80BD79
:101F7C000014005880B500AFFFF7CAFE00BFFFF792
:101F8C00D6FE0346002BFAD00120FFF7E2FE00201C
:101F9C00FFF7FFFE00BFFFF7F0FE0346042BFAD15C
:101FAC0000BF80BD80B400AF4FF0B043D3F8903089
:101FBC004FF0B04243F40043C2F8903000BFBD462E
:101FCC005DF8047B704780B485B000AF78604FF04B
:101FDC00B043DA6C4FF0B0417B681343CB644FF0E5
:101FEC00B043DA6C7B681340FB60FB6800BF1437AE
:101FFC00BD465DF8047B704780B485B000AF786057
:10200C004FF0B0431A6D4FF0B0417B6813430B6532
:10201C004FF0B0431A6D7B681340FB60FB6800BF48
:10202C001437BD465DF8047B704780B485B000AFB3
:10203C0078604FF0B0439A6D4FF0B0417B6813431A
:10204C008B654FF0B0439A6D7B681340FB60FB6867
:10205C0000BF1437BD465DF8047B704780B500AFF8
:10206C004FF40020FFF7C8FF002200212E2001F0C2
:10207C00BCFF2E2001F0D3FF00F0DAFA022000F0B2
:10208C00C3FA00BF80BD000080B59CB000AF786083
:10209C0007F15C0300221A605A609A60DA601A61D8
:1020AC0007F10C0350220021184609F019FC7B683B
:1020BC001B682F4A934256D14FF48063FB604FF05C
:1020CC004053BB6407F10C03184603F094FF03461E
:1020DC00002B01D0FFF7CEFD4FF40050FFF773FF3C
:1020EC000420FFF770FF0F23FB6503233B660023DF
:1020FC007B6607F15C0319461E4802F049FA1E4B39
:10210C001E4A1A601C4B05225A601B4B00229A6017
:10211C00194B0022DA60184B80221A61164B4FF4CF
:10212C0080725A61144B4FF480629A61124B2022D8
:10213C00DA61114B4FF440521A620F4801F0B4FFB0
:10214C000346002B01D0FFF795FD7B680A4ADA6441
:10215C00094A7B68936200220021122001F045FF9E
:10216C00122001F05CFF00BF7037BD4680BD00BF80
:10217C000000045000080048CC0100200800024078
:10218C0080B582B000AF78607B681B680D4A9342C3
:10219C0013D14FF48010FFF72FFF002200212C20C9
:1021AC0001F023FF2C2001F03AFF002200212D200A
:1021BC0001F01BFF2D2001F032FF00BF0837BD4698
:1021CC0080BD00BF000C005880B596B000AF7860A1
:1021DC0007F1080350220021184609F081FB7B68A7
:1021EC001B68124A93421DD14FF40063BB604FF43D
:1021FC008073BB6407F10803184603F0FCFE03462A
:10220C00002B01D0FFF736FDFFF7CCFE4FF48060BA
:10221C00FFF70BFF00220021032001F0E6FE032054
:10222C0001F0FDFE00BF5837BD4680BD00280040C0
:10223C0080B582B000AF78607B681B68B3F1804FCB
:10224C000AD10120FFF7F1FE002200211C2001F031
:10225C00CCFE1C2001F0E3FE00BF0837BD4680BD5C
:10226C0080B400AF00BFFDE780B400AF00BFFDE756
:10227C0080B400AF00BFFDE780B400AF00BFFDE746
:10228C0080B400AF00BFFDE780B400AF00BFBD4617
:10229C005DF8047B704780B400AF00BFBD465DF8AD
:1022AC00047B704780B400AF00BFBD465DF8047B73
:1022BC00704780B500AF00F04FF900BF80BD80B50E
:1022CC0000AFFEF713FF00BF80BD000080B500AF6C
:1022DC00024802F00CF800BF80BD00BFCC0100200A
:1022EC0080B500AF024800F087FD00BF80BD00BF85
:1022FC006801002080B500AF024804F05DFB00BF10
:10230C0080BD00BF8C02002080B500AF08F0F8FE45
:10231C0000BF80BD80B500AF08F028FF00BF80BDB6
:10232C0080B500AF02F0BCFA00BF80BD80B400AF36
:10233C00244BD3F88830234A43F47003C2F8883016
:10234C004FF0B0431B684FF0B04243F001031360F1
:10235C004FF0B0434FF4E0229A604FF0B0431A684C
:10236C004FF0B041184B13400B604FF0B043D3F813
:10237C0094304FF0B04223F00503C2F894304FF084
:10238C00B043D3F898304FF0B04223F00103C2F8B9
:10239C0098304FF0B0430D4ADA604FF0B0430B4A1F
:1023AC001A614FF0B0431B684FF0B04223F4802306
:1023BC0013604FF0B04300229A6100BFBD465DF838
:1023CC00047B704700ED00E0FBFEF6FA00100422DF
:1023DC00D458C4500433C4188C42F9D370470360EA
:1023EC0004308842FBD370470C488546FFF79EFFAC
:1023FC000B480C490C4A0023FFF7EDFF0B480C4926
:10240C000C4A0023FFF7E7FF0B480C490023FFF7AA
:10241C00E8FF09F06DFAFFF7E4F9FEE7000003208E
:10242C00080000205400002028BC0008E401032010
:10243C00670A0320C6BC0008AC0000205006002030
:10244C00FEE7000080B400AF054B5B68044A43F024
:10245C000103536000BFBD465DF8047B704700BFAD
:10246C00002004E080B400AF054B5B68044A43F0E5
:10247C000203536000BFBD465DF8047B704700BF8C
:10248C00002004E080B400AF054B1B68044A23F025
:10249C000103136000BFBD465DF8047B704700BFAD
:1024AC003000014080B582B000AF0023FB710C4BB3
:1024BC001B680B4A43F480731360032001F08AFD00
:1024CC000F2000F00FF80346002B02D00123FB7104
:1024DC0001E0FFF7C3FDFB7918460837BD4680BD08
:1024EC000040005880B584B000AF78600023FB73C7
:1024FC00174B1B78002B24D003F018FB0246144B0F
:10250C001B7819464FF47A73B3FBF1F3B2FBF3F378
:10251C00184601F0A0FD0346002B0FD17B680F2B52
:10252C0009D8002279684FF0FF3001F05EFD094AAE
:10253C007B68136007E00123FB7304E00123FB734A
:10254C0001E00123FB73FB7B18461037BD4680BDB1
:10255C00100000200C00002080B400AF064B1B784C
:10256C001A46064B1B681344044A136000BFBD4651
:10257C005DF8047B704700BF10000020D8020020DB
:10258C0080B400AF034B1B681846BD465DF8047B56
:10259C00704700BFD802002080B400AF034B1B680B
:1025AC001846BD465DF8047B704700BF0C00002048
:1025BC0080B400AF054B1B68044A23F00203136080
:1025CC0000BFBD465DF8047B704700BF10E000E023
:1025DC0080B400AF054B1B68044A43F00203136040
:1025EC0000BFBD465DF8047B704700BF10E000E003
:1025FC0080B500AFFFF726FF00BF80BD80B500AFF0
:10260C00FFF730FF00BF80BD80B483B000AF7860AF
:10261C00064B1B6823F0020204497B6813430B60D2
:10262C0000BF0C37BD465DF8047B7047300001409D
:10263C0080B500AFFFF726FF00BF80BD80B483B02C
:10264C0000AF786039607B689B6823F47C123B6830
:10265C001A437B689A6000BF0C37BD465DF8047B5B
:10266C00704780B483B000AF786039607B689B683A
:10267C0023F0E0723B681A437B689A6000BF0C370A
:10268C00BD465DF8047B704780B483B000AF7860C2
:10269C007B689B6803F0E07318460C37BD465DF809
:1026AC00047B704780B487B000AFF860B9607A6083
:1026BC003B60FB6860331A46BB689B0013447B612C
:1026CC007B691A68084B13407A6802F0F8413A6843
:1026DC000A43134343F000427B691A6000BF1C3766
:1026EC00BD465DF8047B704700F0FF0380B485B0F5
:1026FC0000AF786039607B6860331A463B689B009A
:10270C001344FB60FB681B6803F0F843184614374E
:10271C00BD465DF8047B704780B487B000AFF860AD
:10272C00B9607A60FB6860331A46BB689B0013443F
:10273C007B617B691B6823F000427B681A437B69D1
:10274C001A6000BF1C37BD465DF8047B704780B42F
:10275C0083B000AF78607B68DB6803F44063002BC8
:10276C0001D1012300E0002318460C37BD465DF86B
:10277C00047B704780B487B000AFF860B9607A60B2
:10278C00FB6830331A46BB681B0A9B0003F00C0332
:10279C0013447B617B691A68BB6803F01F031F211C
:1027AC0001FA03F3DB431A407B689B0E03F01F0115
:1027BC00BB6803F01F0301FA03F31A437B691A6029
:1027CC0000BF1C37BD465DF8047B704780B483B0F6
:1027DC0000AF78607B68DB6803F0030318460C37A6
:1027EC00BD465DF8047B704780B483B000AF786061
:1027FC007B68DB6C03F0C003002B01D1012300E0EC
:10280C00002318460C37BD465DF8047B704780B436
:10281C0087B000AFF860B9607A60FB6814331A4671
:10282C00BB685B0E9B0003F0040313447B617B6964
:10283C001A68BB681B0D03F01F03072101FA03F391
:10284C00DB431A40BB681B0D03F01F03796801FAC8
:10285C0003F31A437B691A6000BF1C37BD465DF851
:10286C00047B704780B485B000AFF860B9607A60C3
:10287C00FB68D3F8B020BB68C3F31203DB431A40E8
:10288C007B6803F018030849D940BB680B40C3F3BD
:10289C0012031A43FB68C3F8B02000BF1437BD46BF
:1028AC005DF8047B704700BFFFFF070080B483B066
:1028BC0000AF78607B689B6823F0204323F03F03D4
:1028CC007A68936000BF0C37BD465DF8047B704797
:1028DC0080B483B000AF78607B689B6803F00053D2
:1028EC00B3F1005F01D1012300E0002318460C373F
:1028FC00BD465DF8047B704780B483B000AF786050
:10290C007B689B6823F0104323F03F0343F0805215
:10291C007B689A6000BF0C37BD465DF8047B70473E
:10292C0080B483B000AF78607B689B6803F0805301
:10293C00B3F1805F01D1012300E0002318460C376E
:10294C00BD465DF8047B704780B483B000AF7860FF
:10295C007B689B6823F0004323F03F0343F00102A4
:10296C007B689A6000BF0C37BD465DF8047B7047EE
:10297C0080B483B000AF78607B689B6823F0004321
:10298C0023F03F0343F002027B689A6000BF0C37D0
:10299C00BD465DF8047B704780B483B000AF7860AF
:1029AC007B689B6803F00103012B01D1012300E03C
:1029BC00002318460C37BD465DF8047B704780B485
:1029CC0083B000AF78607B689B6803F00203022B36
:1029DC0001D1012300E0002318460C37BD465DF8F9
:1029EC00047B704780B483B000AF78607B689B68D1
:1029FC0023F0004323F03F0343F004027B689A600A
:102A0C0000BF0C37BD465DF8047B704780B483B0C3
:102A1C0000AF78607B689B6803F00403042B01D142
:102A2C00012300E0002318460C37BD465DF8047BFB
:102A3C00704780B483B000AF78607B689B6803F00C
:102A4C000803082B01D1012300E0002318460C37A2
:102A5C00BD465DF8047B704780B588B000AF7860E8
:102A6C000023FB770023BB610023BB607B68002B3A
:102A7C0001D101232EE17B681B69002B7B685B6D08
:102A8C00002B09D17868FFF7FFFA7B6800229A6562
:102A9C007B68002283F850207B681B681846FFF780
:102AAC0017FF0346002B04D07B681B681846FFF702
:102ABC00FDFE7B681B681846FFF732FF0346002BB0
:102ACC0015D17B681B681846FFF716FF834B1B68F4
:102ADC009B09834AA2FB03239B0901335B00BB6068
:102AEC0002E0BB68013BBB60BB68002BF9D17B6883
:102AFC001B681846FFF714FF0346002B0DD17B68AB
:102B0C005B6D43F010027B685A657B689B6D43F0EC
:102B1C0001027B689A650123FB777B681B6818466A
:102B2C00FFF774FF78617B685B6D03F01003002B7B
:102B3C0040F0C7807B69002B40F0C3807B685B6DE5
:102B4C0023F4817343F002027B685A657B681B682F
:102B5C001846FFF721FF0346002B0BD16148FFF706
:102B6C001BFF0346002B05D17B685B6819465E484A
:102B7C00FFF764FD7B685B7E5A037B685B6B1A43D3
:102B8C007B68DB681A437B689B681A437B6893F805
:102B9C0020301B041343BA691343BB617B6893F861
:102BAC002030012B06D17B685B6A013B5B04BA6960
:102BBC001343BB617B689B6A002B09D07B689B6AC3
:102BCC0003F470727B68DB6A1343BA691343BB610D
:102BDC007B681B68DA68454B13407A681268B969E0
:102BEC000B43D3607B681B681846FFF70FFF3861F7
:102BFC007B681B681846FFF71CFFF8603B69002BCD
:102C0C003DD1FB68002B3AD17B681B7E9A037B6815
:102C1C0093F830305B001343BB617B681B68DB6847
:102C2C0023F4804323F002037A681268B9690B43DA
:102C3C00D3607B6893F83830012B18D17B681B6804
:102C4C001B6923F4FF6323F004037A68D16B7A6861
:102C5C00126C11437A68526C11437A68926C0A4375
:102C6C001A437B681B6842F001021A6107E07B681B
:102C7C001B681A697B681B6822F001021A617B6869
:102C8C001B69012B0CD17B681B681B6B23F00F019C
:102C9C007B68DB695A1E7B681B680A431A6307E072
:102CAC007B681B681A6B7B681B6822F00F021A6327
:102CBC007B685B6D23F0030343F001027B685A656C
:102CCC0007E07B685B6D43F010027B685A6501235B
:102CDC00FB77FB7F18462037BD4680BD08000020DF
:102CEC00632D3E05000004500003045007C0F0FFA4
:102CFC0080B586B000AFF860B9607A60FB681B687D
:102D0C001846FFF783FE0346002B67D1FB6893F848
:102D1C005030012B01D1022363E0FB68012283F8C0
:102D2C005020F86800F0F8FD0346FB75FB7D002B86
:102D3C004FD1FB685B6D23F4706323F0010343F404
:102D4C008072FB685A65FB685B6D03F48053002B43
:102D5C0006D0FB689B6D23F00602FB689A6502E0C7
:102D6C00FB6800229A65FB68DB6C204ADA62FB6820
:102D7C00DB6C1F4A1A63FB68DB6C1E4A5A63FB68E8
:102D8C001B681C221A60FB68002283F85020FB6829
:102D9C001B685A68FB681B6842F010025A60FB689B
:102DAC001B68DA68FB681B6842F00102DA60FB689A
:102DBC00D86CFB681B6840331946BA687B6801F015
:102DCC001BFA0346FB75FB681B681846FFF70AFEE7
:102DDC0006E0FB68002283F8502001E00223FB751B
:102DEC00FB7D18461837BD4680BD00BFD73A00089A
:102DFC00AF3B0008CB3B000880B588B000AF7860D3
:102E0C000023FB617B681B681B68BB617B681B68CC
:102E1C005B687B61BB6903F00203002B17D07B69F5
:102E2C0003F00203002B12D07B685B6D03F01003E0
:102E3C00002B05D17B685B6D43F400627B685A659F
:102E4C00786800F08DFF7B681B6802221A60BB69F2
:102E5C0003F00403002B04D07B6903F00403002B64
:102E6C0009D1BB6903F00803002B5DD07B6903F02B
:102E7C000803002B58D07B685B6D03F01003002B0C
:102E8C0005D17B685B6D43F400727B685A657B6887
:102E9C001B681846FFF75BFC0346002B3DD07B6894
:102EAC001B68DB6803F40053B3F5005F35D07B6817
:102EBC001B681B6803F00803082B2ED17B681B686A
:102ECC001846FFF7A3FD0346002B1AD17B681B683D
:102EDC005A687B681B6822F00C025A607B685B6D39
:102EEC0023F480727B685A657B685B6D03F48053B6
:102EFC00002B12D17B685B6D43F001027B685A6535
:102F0C000BE07B685B6D43F010027B685A657B6855
:102F1C009B6D43F001027B689A65786807F03EFB75
:102F2C007B681B680C221A60BB6903F02003002B22
:102F3C0004D07B6903F02003002B09D1BB6903F09B
:102F4C004003002B74D07B6903F04003002B6FD03F
:102F5C007B685B6D03F01003002B05D17B685B6D08
:102F6C0043F400527B685A657B681B681846FFF770
:102F7C003BFC38617B681B681846FFF7E8FBF86080
:102F8C007B681B68DB68BB603B69002B49D0BB6866
:102F9C0003F00073002B07D0FB68002B41D0BB68FB
:102FAC0003F40053002B3CD17B681B681B6803F0B7
:102FBC004003402B35D17B681B68DB6803F400139E
:102FCC00002B2ED17B681B681846FFF732FD034699
:102FDC00002B1AD17B681B685A687B681B6822F02F
:102FEC0060025A607B685B6D23F480527B685A6583
:102FFC007B685B6D03F48073002B12D17B685B6D77
:10300C0043F001027B685A650BE07B685B6D43F013
:10301C0010027B685A657B689B6D43F001027B68EC
:10302C009A65786800F074FE7B681B6860221A60F1
:10303C00BB6903F08003002B11D07B6903F0800384
:10304C00002B0CD07B685B6D43F480327B685A6537
:10305C00786800F087F87B681B6880221A60BB696F
:10306C0003F48073002B12D07B6903F48073002B64
:10307C000DD07B685B6D43F400327B685A657868D1
:10308C0000F05AFE7B681B684FF480721A60BB69B3
:10309C0003F40073002B12D07B6903F40073002B34
:1030AC000DD07B685B6D43F480227B685A65786831
:1030BC0000F04CFE7B681B684FF400721A60BB6911
:1030CC0003F01003002B2BD07B6903F01003002BB3
:1030DC0026D07B685B6B002B02D10123FB6109E0DE
:1030EC007B681B681846FFF771FB0346002B01D069
:1030FC000123FB61FB69012B0ED17B685B6D43F4F3
:10310C0080627B685A657B689B6D43F002027B682A
:10311C009A65786800F030F87B681B6810221A609A
:10312C00BB6903F48063002B18D07B6903F48063C4
:10313C00002B13D07B685B6D43F480427B685A652F
:10314C007B689B6D43F008027B689A657B681B6803
:10315C004FF480621A60786800F0E4FD00BF2037FD
:10316C00BD4680BD80B483B000AF786000BF0C3723
:10317C00BD465DF8047B704780B483B000AF7860C7
:10318C0000BF0C37BD465DF8047B704780B5B6B008
:10319C0000AF78603960002387F8D7300023FB60DC
:1031AC007B6893F85030012B01D102239FE37B689D
:1031BC00012283F850207B681B681846FFF726FC19
:1031CC000346002B40F084837B6818683B68596881
:1031DC003B681B681A46FFF7CDFA7B681B681846DC
:1031EC00FFF714FCC7F8D0007B681B681846FFF784
:1031FC0020FCC7F8CC00D7F8D030002B40F0A681CB
:10320C00D7F8CC30002B40F0A1817B6818683B6864
:10321C0019683B689B681A46FFF7F9FA3B685A69CC
:10322C007B681B68DB68DB0803F003035B0002FAB6
:10323C0003F3C7F8C8303B681B69042B0AD07B68C2
:10324C0018683B6819693B681A68D7F8C830FFF7EB
:10325C0029FA7BE17B681B6800211846FFF746FAC8
:10326C000346C3F31203002B0AD17B681B680021B1
:10327C001846FFF73BFA03469B0E03F01F021EE0B5
:10328C007B681B6800211846FFF730FA0346C7F825
:10329C00BC30D7F8BC3093FAA3F3C7F8C030D7F8DA
:1032AC00C030C7F8B830D7F8B830002B01D1202384
:1032BC0004E0D7F8B830B3FA83F3DBB21A463B68B4
:1032CC001B68C3F31203002B05D13B681B689B0ED4
:1032DC0003F01F0318E03B681B68C7F8B030D7F841
:1032EC00B03093FAA3F3C7F8AC30D7F8AC30C7F8CA
:1032FC00B430D7F8B430002B01D1202304E0D7F838
:10330C00B430B3FA83F3DBB29A4206D17B681B6804
:10331C00002200211846FFF7FFF97B681B6801218A
:10332C001846FFF7E3F90346C3F31203002B0AD147
:10333C007B681B6801211846FFF7D8F903469B0EE2
:10334C0003F01F021EE07B681B6801211846FFF783
:10335C00CDF90346C7F8A430D7F8A43093FAA3F3F9
:10336C00C7F8A030D7F8A030C7F8A830D7F8A830E5
:10337C00002B01D1202304E0D7F8A830B3FA83F353
:10338C00DBB21A463B681B68C3F31203002B05D152
:10339C003B681B689B0E03F01F0318E03B681B681F
:1033AC00C7F89830D7F8983093FAA3F3C7F894304D
:1033BC00D7F89430C7F89C30D7F89C30002B01D14B
:1033CC00202304E0D7F89C30B3FA83F3DBB29A42A3
:1033DC0006D17B681B68002201211846FFF79CF977
:1033EC007B681B6802211846FFF780F90346C3F37C
:1033FC001203002B0AD17B681B6802211846FFF7C9
:10340C0075F903469B0E03F01F021EE07B681B68D8
:10341C0002211846FFF76AF90346C7F88C30D7F833
:10342C008C3093FAA3F3C7F88830D7F88830C7F8F4
:10343C009030D7F89030002B01D1202304E0D7F83E
:10344C009030B3FA83F3DBB21A463B681B68C3F3C4
:10345C001203002B05D13B681B689B0E03F01F0366
:10346C0016E03B681B68C7F88030D7F8803093FAB9
:10347C00A3F3FB67FB6FC7F88430D7F88430002BBD
:10348C0001D1202304E0D7F88430B3FA83F3DBB204
:10349C009A4206D17B681B68002202211846FFF76E
:1034AC003BF97B681B6803211846FFF71FF903469D
:1034BC00C3F31203002B0AD17B681B680321184647
:1034CC00FFF714F903469B0E03F01F0217E07B680D
:1034DC001B6803211846FFF709F903467B677B6FCE
:1034EC0093FAA3F33B673B6FBB67BB6F002B01D118
:1034FC00202303E0BB6FB3FA83F3DBB21A463B68BD
:10350C001B68C3F31203002B05D13B681B689B0E91
:10351C0003F01F0311E03B681B68BB66BB6E93FA9C
:10352C00A3F37B667B6EFB66FB6E002B01D1202325
:10353C0003E0FB6EB3FA83F3DBB29A4206D17B68ED
:10354C001B68002203211846FFF7E6F87B681B680E
:10355C001846FFF721FA0346002B40F0C2817B6826
:10356C0018683B6819683B68DB681A46FFF77AF9FC
:10357C003B68DB688E4A934240F030817B68186868
:10358C003B681B68C3F31203002B0BD13B681B6811
:10359C009B0E013303F01F03092B94BF012300235F
:1035AC00DBB219E03B681B68FB65FB6D93FAA3F378
:1035BC00BB65BB6D3B663B6E002B01D1202303E04A
:1035CC003B6EB3FA83F3DBB2013303F01F03092B19
:1035DC0094BF01230023DBB2002B79D03B681B681E
:1035EC00C3F31203002B07D13B681B689B0E0133FE
:1035FC009B0603F0F84215E03B681B683B653B6D8E
:10360C0093FAA3F3FB64FB6C7B657B6D002B01D100
:10361C00202303E07B6DB3FA83F3DBB201339B060B
:10362C0003F0F8423B681B68C3F31203002B09D16B
:10363C003B681B689B0E013303F01F03012101FA49
:10364C0003F317E03B681B687B647B6C93FAA3F372
:10365C003B643B6CBB64BB6C002B01D1202303E0AF
:10366C00BB6CB3FA83F3DBB2013303F01F0301210C
:10367C0001FA03F342EA03013B681B68C3F312032C
:10368C00002B0AD13B681B689B0E013303F01F0211
:10369C0013465B0013441B0518E03B681B68BB63B7
:1036AC00BB6B93FAA3F37B637B6BFB63FB6B002B12
:1036BC0001D1202303E0FB6BB3FA83F3DBB20133BC
:1036CC0003F01F0213465B0013441B050B4380E001
:1036DC003B681B68C3F31203002B07D13B681B68C4
:1036EC009B0E01339B0603F0F84215E03B681B6808
:1036FC00FB62FB6A93FAA3F3BB62BB6A3B633B6B53
:10370C00002B01D1202303E03B6BB3FA83F3DBB234
:10371C0001339B0603F0F8423B681B68C3F31203AA
:10372C00002B09D13B681B689B0E013303F01F0370
:10373C00012101FA03F317E03B681B683B623B6A0B
:10374C0093FAA3F3FB61FB697B627B6A002B01D1CB
:10375C00202303E07B6AB3FA83F3DBB2013303F07B
:10376C001F03012101FA03F342EA03013B681B68C2
:10377C00C3F31203002B0DD13B681B689B0E013366
:10378C0003F01F0213465B0013441E3B1B0543F062
:10379C0000731DE03B681B687B617B6993FAA3F3A4
:1037AC003B613B69BB61BB69002B03D1202305E066
:1037BC0000007F40BB69B3FA83F3DBB2013303F043
:1037CC001F0213465B0013441E3B1B0543F00073A2
:1037DC000B433A6892681946FFF719F83B681A6868
:1037EC00454B1340002B7CD04448FEF74DFFC7F8E7
:1037FC00C4004348FFF7D0F80346002B5ED13B686A
:10380C001B68404A934227D1D7F8C43003F4000315
:10381C00002B21D17B681B68394A934261D1D7F8C0
:10382C00C43043F4000319463448FEF71AFF364BF4
:10383C001B689B09354AA2FB03239B095A1C1346A0
:10384C005B0013449B00FB6002E0FB68013BFB60E8
:10385C00FB68002BF9D144E03B681B682C4A93426F
:10386C0013D1D7F8C43003F08073002B0DD17B68D3
:10387C001B68234A934234D1D7F8C43043F0807389
:10388C0019461E48FEF7EDFE2BE03B681B68214AEB
:10389C00934226D1D7F8C43003F48003002B20D1F7
:1038AC007B681B68164A93421BD1D7F8C43043F48B
:1038BC00800319461148FEF7D4FE12E07B685B6D5D
:1038CC0043F020027B685A65012387F8D73008E063
:1038DC007B685B6D43F020027B685A65012387F897
:1038EC00D7307B68002283F8502097F8D7301846E1
:1038FC00D837BD4680BD00BF0000088000030450CF
:10390C0000000450000052C708000020632D3E0543
:10391C00000084CB0100008080B584B000AF7860DB
:10392C000023BB607B681B681846FFF735F803461D
:10393C00002B5ED17B681B689A68304B1340002BC0
:10394C000DD07B685B6D43F010027B685A657B6819
:10395C009B6D43F001027B689A6501234AE07B680A
:10396C001B681846FEF7F0FF2548FEF78DFE034650
:10397C0003F40003002B0FD0224B1B689B09224A37
:10398C00A2FB03239B090133BB6002E0BB68013B34
:10399C00BB60BB68002BF9D1FEF7F2FDF86021E0AB
:1039AC007B681B681846FEF7F7FF0346002B04D113
:1039BC007B681B681846FEF7C7FFFEF7E1FD024661
:1039CC00FB68D31A022B0DD97B685B6D43F0100298
:1039DC007B685A657B689B6D43F001027B689A6536
:1039EC00012307E07B681B681B6803F00103012BB4
:1039FC00D6D1002318461037BD4680BD3F0000804D
:103A0C000003045008000020632D3E0580B584B0EF
:103A1C0000AF78607B681B681846FEF7D0FFF86033
:103A2C007B681B681846FEF7B7FF0346002B47D090
:103A3C00FB68002B44D17B681B689B6803F00D036B
:103A4C00012B0CD17B681B681846FEF791FF7B6835
:103A5C001B6803221A60FEF793FDB86029E07B68AF
:103A6C005B6D43F010027B685A657B689B6D43F07D
:103A7C0001027B689A65012323E0FEF781FD024673
:103A8C00BB68D31A022B14D97B681B689B6803F0A4
:103A9C000103002B0DD07B685B6D43F010027B683B
:103AAC005A657B689B6D43F001027B689A65012324
:103ABC0007E07B681B689B6803F00103002BDCD1DB
:103ACC00002318461037BD4680BD80B584B000AFCA
:103ADC0078607B689B6AFB60FB685B6D03F050034E
:103AEC00002B4BD1FB685B6D43F40072FB685A658D
:103AFC00FB681B681B6803F00803002B21D0FB68D4
:103B0C001B681846FEF723FE0346002B32D0FB68D9
:103B1C001B68DB6803F40053002B2BD1FB685B6D37
:103B2C0023F48072FB685A65FB685B6D03F4805369
:103B3C00002B1FD1FB685B6D43F00102FB685A65DB
:103B4C0018E0FB681B68DB6803F00203002B11D143
:103B5C00FB685B6D23F48072FB685A65FB685B6DD8
:103B6C0003F48053002B05D1FB685B6D43F001021D
:103B7C00FB685A65F86806F011FD0EE0FB685B6D9A
:103B8C0003F01003002B03D0F868FFF7F5FA04E0FC
:103B9C00FB68DB6C5B6B7868984700BF1037BD46E1
:103BAC0080BD80B584B000AF78607B689B6AFB6099
:103BBC00F86806F0C5FC00BF1037BD4680BD80B567
:103BCC0084B000AF78607B689B6AFB60FB685B6DC0
:103BDC0043F04002FB685A65FB689B6D43F004029E
:103BEC00FB689A65F868FFF7C7FA00BF1037BD4647
:103BFC0080BD80B483B000AF786039607B689B680F
:103C0C0023F0404323F03F033A6802F08042134311
:103C1C0043F000427B689A6000BF0C37BD465DF8EC
:103C2C00047B704780B483B000AF78607B689B687E
:103C3C0003F00043B3F1004F01D1012300E0002356
:103C4C0018460C37BD465DF8047B704780B584B0D0
:103C5C0000AF786039600023BB607B6893F850300C
:103C6C00012B01D102234DE07B68012283F8502007
:103C7C007868FFF7CBFE0346FB73FB7B002B36D13A
:103C8C007B685B6D23F4885323F0020343F002023C
:103C9C007B685A657B681B6839681846FFF7A9FF73
:103CAC0014E0BB680133BB60BB68184A93420DD962
:103CBC007B685B6D23F0120343F010027B685A653E
:103CCC007B68002283F8502001231BE07B681B6873
:103CDC001846FFF7A7FF0346002BE2D17B685B6D0C
:103CEC0023F0030343F001027B685A6505E07B680F
:103CFC005B6D43F010027B685A657B68002283F889
:103D0C005020FB7B18461037BD4680BDAA6A0200C6
:103D1C0080B483B000AF786000BF0C37BD465DF84F
:103D2C00047B704780B483B000AF786000BF0C3761
:103D3C00BD465DF8047B704780B483B000AF7860FB
:103D4C0000BF0C37BD465DF8047B704780B483B070
:103D5C0000AF786000BF0C37BD465DF8047B704740
:103D6C0080B483B000AF786000BF0C37BD465DF8FF
:103D7C00047B704780B485B000AF78607B6803F03B
:103D8C000703FB600C4BDB68BB60BA684FF6FF03A4
:103D9C001340BB60FB681A02BB68134343F0BF635C
:103DAC0043F40033BB60044ABB68D36000BF1437D4
:103DBC00BD465DF8047B704700ED00E080B400AFB9
:103DCC00044BDB681B0A03F007031846BD465DF87D
:103DDC00047B704700ED00E080B483B000AF034675
:103DEC00FB7197F90730002B0BDBFB7903F01F02FB
:103DFC00074997F907305B09012000FA02F241F8F4
:103E0C00232000BF0C37BD465DF8047B704700BF14
:103E1C0000E100E080B483B000AF0346FB7197F97A
:103E2C000730002B12DBFB7903F01F020A4997F9CC
:103E3C0007305B09012000FA02F2203341F82320FD
:103E4C00BFF34F8F00BFBFF36F8F00BF00BF0C37A6
:103E5C00BD465DF8047B704700E100E080B483B0A0
:103E6C0000AF0346FB7197F90730002B0CDBFB7995
:103E7C0003F01F02074997F907305B09012000FA8C
:103E8C0002F2403341F8232000BF0C37BD465DF8E9
:103E9C00047B704700E100E080B483B000AF0346C0
:103EAC00FB7197F90730002B0CDBFB7903F01F0239
:103EBC00074997F907305B09012000FA02F26033D9
:103ECC0041F8232000BF0C37BD465DF8047B7047DA
:103EDC0000E100E080B483B000AF03463960FB71B1
:103EEC0097F90730002B0ADB3B68DAB20C4997F9DB
:103EFC0007301201D2B20B4483F800230AE03B686E
:103F0C00DAB20849FB7903F00F03043B1201D2B279
:103F1C000B441A7600BF0C37BD465DF8047B704726
:103F2C0000E100E000ED00E080B489B000AFF86083
:103F3C00B9607A60FB6803F00703FB61FB69C3F1AE
:103F4C000703042B28BF0423BB61FB690433062B36
:103F5C0002D9FB69033B00E000237B614FF0FF3289
:103F6C00BB6902FA03F3DA43BB681A407B699A40D7
:103F7C004FF0FF317B6901FA03F3D9437B680B40A7
:103F8C00134318462437BD465DF8047B7047000088
:103F9C0080B582B000AF78607B68013BB3F1807F65
:103FAC0001D301230FE00A4A7B68013B53600F21C8
:103FBC004FF0FF30FFF78EFF054B00229A60044B49
:103FCC0007221A60002318460837BD4680BD00BF83
:103FDC0010E000E080B582B000AF78607868FFF741
:103FEC00C9FE00BF0837BD4680BD80B586B000AFA6
:103FFC000346B9607A60FB73FFF7E0FE78617A687C
:10400C00B9687869FFF790FF024697F90F301146AF
:10401C001846FFF75FFF00BF1837BD4680BD80B55F
:10402C0082B000AF0346FB7197F907301846FFF7D3
:10403C00D3FE00BF0837BD4680BD80B582B000AF4F
:10404C000346FB7197F907301846FFF7E3FE00BFF4
:10405C000837BD4680BD80B582B000AF7860786807
:10406C00FFF796FF034618460837BD4680BD80B55E
:10407C0082B000AF0346FB7197F907301846FFF783
:10408C00EDFE00BF0837BD4680BD80B582B000AFE5
:10409C000346FB7197F907301846FFF7FDFE00BF8A
:1040AC000837BD4680BD000080B584B000AF786095
:1040BC007B68002B01D101238EE07B681B681A46BC
:1040CC00474B9A420FD87B681B681A46454B1344E2
:1040DC00454AA2FB03231B099A007B685A647B6840
:1040EC00424A1A640EE07B681B681A46404B134424
:1040FC003D4AA2FB03231B099A007B685A647B6828
:10410C003C4A1A647B68022283F825207B681B6872
:10411C001B68FB60FB6823F4FF4323F07003FB6018
:10412C007B689A687B68DB681A437B681B691A4357
:10413C007B685B691A437B689B691A437B68DB6904
:10414C001A437B681B6A1343FA681343FB607B6852
:10415C001B68FA681A60786800F0B6F97B689B688F
:10416C00B3F5804F02D17B6800225A607B685A6895
:10417C007B689B6C02F03F021A607B68DB6C7A6890
:10418C00126D5A607B685B68002B10D07B685B6893
:10419C00042B0CD8786800F0D5F97B685B6D002295
:1041AC001A607B689B6D7A68D26D5A6008E07B68F8
:1041BC0000225A657B6800229A657B680022DA65CA
:1041CC007B680022DA637B68012283F825207B68F8
:1041DC00002283F82420002318461037BD4680BDEA
:1041EC0007040240F8FFFDBFCDCCCCCC0000024050
:1041FC00F8FBFDBF0004024080B586B000AFF8604C
:10420C00B9607A603B600023FB75FB6893F824303F
:10421C00012B01D1022366E0FB68012283F82420E4
:10422C00FB6893F82530DBB2012B55D1FB680222D9
:10423C0083F82520FB680022DA63FB681B681A6888
:10424C00FB681B6822F001021A603B687A68B96847
:10425C00F86800F0FBF8FB681B6B002B08D0FB68C0
:10426C001B681A68FB681B6842F00E021A600FE0AC
:10427C00FB681B681A68FB681B6822F004021A6052
:10428C00FB681B681A68FB681B6842F00A021A601C
:10429C00FB689B6C1B6803F48033002B07D0FB6816
:1042AC009B6C1A68FB689B6C42F480721A60FB680A
:1042BC005B6D002B07D0FB685B6D1A68FB685B6D50
:1042CC0042F480721A60FB681B681A68FB681B68F2
:1042DC0042F001021A6005E0FB68002283F82420FA
:1042EC000223FB75FB7D18461837BD4680BD80B593
:1042FC0084B000AF78607B681B6C1B68FB607B68CC
:10430C001B681B68BB607B685B6C03F01C0304229E
:10431C009A40FB681340002B26D0BB6803F00403C3
:10432C00002B21D07B681B681B6803F02003002B3B
:10433C0007D17B681B681A687B681B6822F0040233
:10434C001A607B685B6C03F01C027B681B6C04219D
:10435C0001FA02F25A607B681B6B002B71D07B68F0
:10436C001B6B786898476CE07B685B6C03F01C03F4
:10437C0002229A40FB681340002B2ED0BB6803F03E
:10438C000203002B29D07B681B681B6803F02003F9
:10439C00002B0BD17B681B681A687B681B6822F0AA
:1043AC000A021A607B68012283F825207B685B6C0B
:1043BC0003F01C027B681B6C022101FA02F25A60AA
:1043CC007B68002283F824207B68DB6A002B38D0C2
:1043DC007B68DB6A7868984733E07B685B6C03F03A
:1043EC001C0308229A40FB681340002B2AD0BB68A0
:1043FC0003F00803002B25D07B681B681A687B68C8
:10440C001B6822F00E021A607B685B6C03F01C02C6
:10441C007B681B6C012101FA02F25A607B68012255
:10442C00DA637B68012283F825207B68002283F8FD
:10443C0024207B685B6B002B04D07B685B6B7868FB
:10444C00984700BF00BF1037BD4680BD80B485B013
:10445C0000AFF860B9607A603B60FB68DB6CFA68AF
:10446C00126D5A60FB685B6D002B04D0FB689B6D72
:10447C00FA68D26D5A60FB685B6C03F01C02FB6837
:10448C001B6C012101FA02F25A60FB681B683A6846
:10449C005A60FB689B68102B08D1FB681B687A6814
:1044AC009A60FB681B68BA68DA6007E0FB681B68F7
:1044BC00BA689A60FB681B687A68DA6000BF1437C8
:1044CC00BD465DF8047B704780B485B000AF786062
:1044DC007B681B681A46174B9A420AD87B685B6C40
:1044EC009B089B0003F1804303F502337A689364C5
:1044FC0007E07B685B6C9B089A000F4B13447A684F
:10450C0093647B681B68DBB2083B0C4AA2FB032359
:10451C001B09FB607B680A4ADA64FB6803F01F0323
:10452C0001229A407B681A6500BF1437BD465DF8BE
:10453C00047B7047070402401C080240CDCCCCCC55
:10454C008008024080B485B000AF78607B685B68FF
:10455C0003F03F03FB60FA680B4B13449B001A46B5
:10456C007B685A657B68094A9A65FB68013B03F0D6
:10457C00030301229A407B68DA6500BF1437BD46FD
:10458C005DF8047B704700BF3F8200104009024079
:10459C0080B487B000AF7860396000237B614CE158
:1045AC003B681A6801217B6901FA03F31340FB6035
:1045BC00FB68002B00F03E813B685B6803F0030353
:1045CC00012B05D03B685B6803F00303022B30D151
:1045DC007B689B683B617B695B00032202FA03F3F7
:1045EC00DB433A6913403B613B68DA687B695B00EB
:1045FC0002FA03F33A6913433B617B683A699A60A8
:10460C007B685B683B6101227B6902FA03F3DB4345
:10461C003A6913403B613B685B681B0903F001027C
:10462C007B6902FA03F33A6913433B617B683A698D
:10463C005A603B685B6803F00303032B17D07B685D
:10464C00DB683B617B695B00032202FA03F3DB430B
:10465C003A6913403B613B689A687B695B0002FADC
:10466C0003F33A6913433B617B683A69DA603B6850
:10467C005B6803F00303022B23D17B69DA087B68A8
:10468C00083253F822303B617B6903F007039B002F
:10469C000F2202FA03F3DB433A6913403B613B6898
:1046AC001A697B6903F007039B0002FA03F33A696A
:1046BC0013433B617B69DA087B680832396943F83C
:1046CC0022107B681B683B617B695B00032202FA4A
:1046DC0003F3DB433A6913403B613B685B6803F0CF
:1046EC0003027B695B0002FA03F33A6913433B61F3
:1046FC007B683A691A603B685B6803F44033002BB3
:10470C0000F09880544A7B699B08023352F823309E
:10471C003B617B6903F003039B000F2202FA03F356
:10472C00DB433A6913403B617B68B3F1904F19D07E
:10473C007B684A4A934213D07B68494A93420DD016
:10474C007B68484A934207D07B68474A934201D121
:10475C00042308E0072306E0032304E0022302E01D
:10476C00012300E000237A6902F0030292009340D7
:10477C003A6913433B6138497B699B0802333A69B8
:10478C0041F82320394B1B683B61FB68DB433A69DA
:10479C0013403B613B685B6803F48013002B03D030
:1047AC003A69FB6813433B61304A3B6913602F4BFA
:1047BC005B683B61FB68DB433A6913403B613B68D8
:1047CC005B6803F40013002B03D03A69FB681343B6
:1047DC003B61264A3B695360244BD3F880303B61E4
:1047EC00FB68DB433A6913403B613B685B6803F44D
:1047FC008033002B03D03A69FB6813433B611B4A9F
:10480C003B69C2F88030194BD3F884303B61FB68AC
:10481C00DB433A6913403B613B685B6803F400334C
:10482C00002B03D03A69FB6813433B610F4A3B6989
:10483C00C2F884307B6901337B613B681A687B6901
:10484C0022FA03F3002B7FF4ABAE00BF00BF1C3782
:10485C00BD465DF8047B7047000001400004004831
:10486C0000080048000C00480010004800080058E0
:10487C0080B483B000AF78600B467B8013467B70AE
:10488C007B78002B03D07A887B689A6102E07A8867
:10489C007B689A6200BF0C37BD465DF8047B70479D
:1048AC0080B582B000AF0A4BDB687B60084B1A689E
:1048BC007B68DB43064913400B60054A7B685360F9
:1048CC00786800F007F800BF0837BD4680BD00BF10
:1048DC000015005880B483B000AF786000BF0C376F
:1048EC00BD465DF8047B704780B584B000AF78603E
:1048FC000023FB737B68002B1ED0134BBB607B68C3
:10490C0093F83830DBB2002B02D17868FDF738FC15
:10491C00B86800F05BF8BB681B6843F00112BB6819
:10492C001A60786800F02CF87B6800225A637B6868
:10493C00012283F8382001E00123FB73FB7B18462E
:10494C001037BD4680BD00BF000C005880B485B048
:10495C0000AFF860B9601346FB7100BF1437BD4659
:10496C005DF8047B704780B485B000AFF860B96027
:10497C001346FB7100BF1437BD465DF8047B7047CE
:10498C0080B485B000AF78600023FB600FE07A68DC
:10499C00FB689B0013440B4A5A607A68FB68063329
:1049AC009B001344084A5A60FB680133FB60FB68A8
:1049BC00052BECD900BF00BF1437BD465DF8047B56
:1049CC00704700BF594900087349000880B483B090
:1049DC0000AF78607B6800221A607B684FF03F1252
:1049EC005A607B683F229A6000BF0C37BD465DF869
:1049FC00047B704780B400AF054B1B68044A43F43A
:104A0C008073136000BFBD465DF8047B704700BF28
:104A1C000004005880B400AF044B1B6803F4C0635F
:104A2C001846BD465DF8047B704700BF0004005873
:104A3C0080B400AF4FF0B0431B6803F48013B3F5A0
:104A4C00801F01D1012300E000231846BD465DF80C
:104A5C00047B704780B400AF4FF0B0431B684FF03D
:104A6C00B04243F48033136000BFBD465DF8047B55
:104A7C00704780B400AF4FF0B0431B684FF0B042AA
:104A8C0023F48033136000BFBD465DF8047B704790
:104A9C0080B400AF4FF0B0431B6803F40033B3F5A0
:104AAC00003F01D1012300E000231846BD465DF80C
:104ABC00047B704780B400AF4FF0B0431B684FF0DD
:104ACC00B04243F48073136000BFBD465DF8047BB5
:104ADC00704780B400AF4FF0B0431B684FF0B0424A
:104AEC0023F48073136000BFBD465DF8047B7047F0
:104AFC0080B400AF4FF0B0431B6803F48063B3F590
:104B0C00806F01D1012300E000231846BD465DF8FB
:104B1C00047B704780B483B000AF78604FF0B04333
:104B2C005B6823F0FE427B681B064FF0B0411343D9
:104B3C004B6000BF0C37BD465DF8047B704780B4FA
:104B4C0000AF4FF0B043D3F898304FF0B04243F081
:104B5C000103C2F8983000BFBD465DF8047B704776
:104B6C0080B400AF4FF0B043D3F898304FF0B04260
:104B7C0023F00103C2F8983000BFBD465DF8047BFA
:104B8C00704780B400AF4FF0B043D3F8983003F0C7
:104B9C000203022B01D1012300E000231846BD467D
:104BAC005DF8047B704780B400AF4FF0B043D3F88E
:104BBC0090304FF0B04243F00103C2F8903000BF88
:104BCC00BD465DF8047B704780B400AF4FF0B04336
:104BDC00D3F890304FF0B04223F00103C2F890307C
:104BEC0000BFBD465DF8047B704780B400AF4FF04A
:104BFC00B043D3F890304FF0B04243F00403C2F806
:104C0C00903000BFBD465DF8047B704780B400AFA8
:104C1C004FF0B043D3F890304FF0B04223F0040380
:104C2C00C2F8903000BFBD465DF8047B704780B47D
:104C3C0000AF4FF0B043D3F8903003F00203022BD7
:104C4C0001D1012300E000231846BD465DF8047B2A
:104C5C00704780B400AF4FF0B043D3F894304FF0AE
:104C6C00B04243F00103C2F8943000BFBD465DF87A
:104C7C00047B704780B400AF4FF0B043D3F894304E
:104C8C004FF0B04223F00103C2F8943000BFBD4690
:104C9C005DF8047B704780B400AF4FF0B043D3F89D
:104CAC00943003F00203022B01D1012300E0002316
:104CBC001846BD465DF8047B704780B400AF4FF0DA
:104CCC00B043D3F894304FF0B04243F00403C2F831
:104CDC00943000BFBD465DF8047B704780B400AFD4
:104CEC004FF0B043D3F894304FF0B04223F00403AC
:104CFC00C2F8943000BFBD465DF8047B704780B4A9
:104D0C0000AF4FF0B043D3F8943003F00803082BF6
:104D1C0001D1012300E000231846BD465DF8047B59
:104D2C00704780B483B000AF78604FF0B043D3F8D5
:104D3C00943023F470627B681B024FF0B041134334
:104D4C00C1F8943000BF0C37BD465DF8047B70474A
:104D5C0080B400AF4FF0B0431B684FF0B04243F04B
:104D6C000103136000BFBD465DF8047B704780B43F
:104D7C0000AF4FF0B0431B684FF0B04223F001037B
:104D8C00136000BFBD465DF8047B704780B400AF74
:104D9C004FF0B0431B6803F00203022B01D1012337
:104DAC0000E000231846BD465DF8047B704780B4D4
:104DBC0083B000AF78604FF0B0431B6823F0F00273
:104DCC004FF0B0417B6813430B6000BF0C37BD46FE
:104DDC005DF8047B704780B483B000AF4FF0B043F4
:104DEC001B6803F0F0037B607B68B02B01D9B02308
:104DFC007B607B6818460C37BD465DF8047B7047BA
:104E0C0080B483B000AF78604FF0B0435B6823F49C
:104E1C007F427B681B024FF0B04113434B6000BFD5
:104E2C000C37BD465DF8047B704780B483B000AF8F
:104E3C0078604FF0B0439B6823F003024FF0B04111
:104E4C007B6813438B6000BF0C37BD465DF8047B59
:104E5C00704780B400AF4FF0B0439B6803F00C0375
:104E6C001846BD465DF8047B704780B483B000AF34
:104E7C0078604FF0B0439B6823F0F0024FF0B041E4
:104E8C007B6813438B6000BF0C37BD465DF8047B19
:104E9C00704780B483B000AF78604FF0B043D3F864
:104EAC00083123F0F0024FF0B0417B681343C1F896
:104EBC00083100BF0C37BD465DF8047B704780B4E9
:104ECC0083B000AF78604FF0B043D3F8083123F0D3
:104EDC000F027B681B094FF0B0411343C1F8083136
:104EEC0000BF0C37BD465DF8047B704780B483B0BF
:104EFC0000AF78604FF0B0439B6823F4E0624FF052
:104F0C00B0417B6813438B6000BF0C37BD465DF826
:104F1C00047B704780B483B000AF78604FF0B0432F
:104F2C009B6823F460524FF0B0417B6813438B6055
:104F3C0000BF0C37BD465DF8047B704780B400AFF2
:104F4C004FF0B0439B6803F0F0031846BD465DF884
:104F5C00047B704780B400AF4FF0B043D3F80831F6
:104F6C001B0103F0F0031846BD465DF8047B704747
:104F7C0080B400AF4FF0B0431B684FF0B04243F029
:104F8C008073136000BFBD465DF8047B704780B42E
:104F9C0000AF4FF0B0431B684FF0B04223F080736A
:104FAC00136000BFBD465DF8047B704780B400AF52
:104FBC004FF0B0431B6803F00073B3F1007F01D1D5
:104FCC00012300E000231846BD465DF8047B7047C2
:104FDC0080B400AF4FF0B043DB681B0A03F07F03D3
:104FEC001846BD465DF8047B704780B400AF4FF0A7
:104FFC00B043DB6803F060431846BD465DF8047BA4
:10500C00704780B400AF4FF0B043DB6803F070031F
:10501C001846BD465DF8047B704780B400AF4FF076
:10502C00B043DB6803F003031846BD465DF8047B10
:10503C00704780B400AF4FF0B0439B6803F48033EB
:10504C00B3F5803F01D1012300E000231846BD4693
:10505C005DF8047B704780B400AF4FF0B043D3F8D9
:10506C00083103F40033B3F5003F01D1012300E014
:10507C0000231846BD465DF8047B704780B400AF32
:10508C004FF0B043D3F8083103F48033B3F5803FCD
:10509C0001D1012300E000231846BD465DF8047BD6
:1050AC00704780B400AF4FF0B0439B6803F40033FB
:1050BC00B3F5003F01D1012300E000231846BD46A3
:1050CC005DF8047B704780B400AF4FF0B0439B6831
:1050DC0003F48023B3F5802F01D1012300E00023DA
:1050EC001846BD465DF8047B7047000090B58DB046
:1050FC0000AF78607B68002B01D1012363E37B68F0
:10510C001B6803F02003002B00F08D80FFF7A1FE3D
:10511C00F862FFF782FFB862FB6A002B05D0FB6ACE
:10512C000C2B47D1BB6A012B44D17B68DB69002B6C
:10513C0001D1012347E37B685C6AFFF74CFE034611
:10514C009C4214D97B685B6A184600F003FD034649
:10515C00002B01D0012336E37B685B6A1846FFF70E
:10516C0026FE7B681B6A1846FFF74AFE13E07B6835
:10517C005B6A1846FFF71BFE7B681B6A1846FFF735
:10518C003FFE7B685B6A184600F0E4FC0346002B8C
:10519C0001D0012317E300F0C9FC0346A44A1360B5
:1051AC00A44B1B681846FDF79DF90346002B39D01C
:1051BC00012308E37B68DB69002B1ED0FFF7C8FDD9
:1051CC00FDF7DEF9786208E0FDF7DAF902467B6A52
:1051DC00D31A022B01D90323F5E2FFF7D7FD0346BF
:1051EC00002BF1D07B685B6A1846FFF7E0FD7B680B
:1051FC001B6A1846FFF704FE15E0FFF7B8FDFDF734
:10520C00BFF9786208E0FDF7BBF902467B6AD31A56
:10521C00022B01D90323D6E2FFF7B8FD0346002B7E
:10522C00F1D100E000BF7B681B6803F00103002B89
:10523C0047D0FFF70EFE3862FFF7EFFEF8613B6ACE
:10524C00082B05D03B6A0C2B08D1FB69032B05D12D
:10525C007B685B68002B34D10123B4E27B685B680C
:10526C00B3F5803F02D1FFF7F5FB01E0FFF701FC3E
:10527C007B685B68002B12D0FDF782F9786208E03E
:10528C00FDF77EF902467B6AD31A642B01D90323FE
:10529C0099E2FFF7FDFB0346002BF1D011E0FDF77F
:1052AC006FF9786208E0FDF76BF902467B6AD31A56
:1052BC00642B01D9032386E2FFF7EAFB0346002B9C
:1052CC00F1D17B681B6803F00203002B4CD0FFF775
:1052DC00C0FDB861FFF7A1FE7861BB69042B05D056
:1052EC00BB690C2B0ED17B69022B0BD17B68DB6865
:1052FC00002B01D1012366E27B681B691846FFF77E
:10530C0009FC31E07B68DB68002B19D0FFF7D2FB7E
:10531C00FDF736F9786208E0FDF732F902467B6A50
:10532C00D31A022B01D903234DE2FFF7E1FB03460D
:10533C00002BF1D07B681B691846FFF7EBFB13E0E1
:10534C00FFF7C7FBFDF71CF9786208E0FDF718F9C9
:10535C0002467B6AD31A022B01D9032333E2FFF7EF
:10536C00C7FB0346002BF1D17B681B6803F00803D5
:10537C00002B06D17B681B6803F01003002B00F098
:10538C00A3807B685B69002B76D07B681B6803F07D
:10539C001003002B46D0FFF77EFC0346002B13D1E5
:1053AC00FFF757FCFDF7ECF8786208E0FDF7E8F83A
:1053BC0002467B6AD31A022B01D9032303E2FFF7BF
:1053CC006AFC0346002BF1D0FFF777FCFDF7D8F809
:1053DC00786208E0FDF7D4F802467B6AD31A032BF7
:1053EC0001D90323EFE1FFF78AFC0346002BF1D030
:1053FC007B689B691846FFF794FCFFF73BFCFDF7B5
:10540C00BFF8786208E0FDF7BBF802467B6AD31A56
:10541C00022B01D90323D6E1FFF73DFC0346002BF9
:10542C00F1D151E0FFF715FCFDF7AAF878620CE01A
:10543C00080000200C000020FDF7A2F802467B6A51
:10544C00D31A022B01D90323BDE1FFF724FC034639
:10545C00002BF1D0FFF742FC08E0FDF791F8024673
:10546C007B6AD31A032B01D90323ACE1FFF747FC6A
:10547C000346002BF1D127E0FFF730FCFDF780F855
:10548C00786208E0FDF77CF802467B6AD31A032B9E
:10549C0001D9032397E1FFF732FC0346002BF1D12E
:1054AC00FFF7E8FBFDF76CF8786208E0FDF768F8A9
:1054BC0002467B6AD31A022B01D9032383E1FFF73F
:1054CC00EAFB0346002BF1D17B681B6803F0040355
:1054DC00002B5BD0A74B1B6803F48073002B14D1FB
:1054EC00FFF788FAFDF74CF8786208E0FDF748F80A
:1054FC0002467B6AD31A022B01D9032363E19D4B2D
:10550C001B6803F48073002BF0D07B689B68012B25
:10551C0002D1FFF748FB0CE07B689B68052B04D19C
:10552C00FFF763FBFFF73FFB03E0FFF74DFBFFF7D4
:10553C006DFB7B689B68002B14D0FDF721F878621B
:10554C000AE0FDF71DF802467B6AD31A41F2883255
:10555C00934201D9032336E1FFF769FB0346002B85
:10556C00EFD013E0FDF70CF878620AE0FDF708F8CD
:10557C0002467B6AD31A41F28832934201D9032343
:10558C0021E1FFF754FB0346002BEFD17B681B682E
:10559C0003F04003002B2CD07B689B6A002B14D0AB
:1055AC00FFF7CDFAFCF7ECFF786208E0FCF7E8FFB8
:1055BC0002467B6AD31A022B01D9032303E1FFF7BE
:1055CC00E0FA0346002BF1D013E0FFF7C9FAFCF721
:1055DC00D7FF786208E0FCF7D3FF02467B6AD31A48
:1055EC00022B01D90323EEE0FFF7CBFA0346002B85
:1055FC00F1D17B68DB6A002B00F0E480FFF729FC1B
:10560C0038614FF0B043DB68FB607B68DB6A022BD0
:10561C0040F0B480FB6803F003027B681B6B9A427A
:10562C0023D1FB6803F070027B685B6B9A421CD140
:10563C00FB681B0A03F07F027B689B6B9A4214D1B8
:10564C00FB6803F478127B68DB6B9A420DD1FB6824
:10565C0003F060627B681B6C9A4206D1FB6803F016
:10566C0060427B685B6C9A425DD03B690C2B58D0D6
:10567C004FF0B0431B6803F08063002B01D0012373
:10568C00A1E0FFF784FCFCF77BFF786208E0FCF7F5
:10569C0077FF02467B6AD31A022B01D9032392E0CF
:1056AC004FF0B0431B6803F00073002BEFD14FF0A9
:1056BC00B043DA68304B13407A68116B7A68526BDE
:1056CC0011437A68926B120211437A68D26B1143C0
:1056DC007A68126C11437A68526C0A434FF0B041ED
:1056EC001343CB60FFF744FC4FF0B043DB684FF043
:1056FC00B04243F08053D360FCF742FF786208E07D
:10570C00FCF73EFF02467B6AD31A022B01D9032316
:10571C0059E04FF0B0431B6803F00073002BEFD03F
:10572C0050E001234FE04FF0B0431B6803F00073CF
:10573C00002B47D1FFF71CFC4FF0B043DB684FF058
:10574C00B04243F08053D360FCF71AFF786208E054
:10575C00FCF716FF02467B6AD31A022B01D90323EE
:10576C0031E04FF0B0431B6803F00073002BEFD017
:10577C0028E000BF000400588C80C1113B690C2B41
:10578C001ED0FFF704FCFCF7FBFE786208E0FCF788
:10579C00F7FE02467B6AD31A022B01D9032312E0CF
:1057AC004FF0B0431B6803F00073002BEFD14FF0A8
:1057BC00B043DA684FF0B041054B1340CB6001E0C9
:1057CC00012300E0002318463437BD4690BD00BFCE
:1057DC00FCFFFEEE80B584B000AF786039607B686A
:1057EC00002B01D101232DE1984B1B6803F007031B
:1057FC003A689A421BD9954B1B6823F007029349D0
:10580C003B6813430B60FCF7BBFEF86008E0FCF749
:10581C00B7FE0246FB68D31A022B01D9032311E110
:10582C008A4B1B6803F007033A689A42EFD17B68F6
:10583C001B6803F00203002B16D07B689B6818468C
:10584C00FFF713FBFCF79CFEF86008E0FCF798FEF2
:10585C000246FB68D31A022B01D90323F2E0FFF7AF
:10586C00E8FB0346002BF1D07B681B6803F0200398
:10587C00002B16D07B685B691846FFF70AFBFCF718
:10588C007FFEF86008E0FCF77BFE0246FB68D31A4B
:10589C00022B01D90323D5E0FFF7DDFB0346002BD8
:1058AC00F1D07B681B6803F04003002B16D07B689B
:1058BC009B691846FFF703FBFCF762FEF86008E0F3
:1058CC00FCF75EFE0246FB68D31A022B01D90323B8
:1058DC00B8E0FFF7D3FB0346002BF1D07B681B68C5
:1058EC0003F00403002B16D07B68DB681846FFF727
:1058FC00FDFAFCF745FEF86008E0FCF741FE0246B5
:10590C00FB68D31A022B01D903239BE0FFF7C9FBD9
:10591C000346002BF1D07B681B6803F00803002BB7
:10592C0017D07B681B69DB001846FFF7F3FAFCF70E
:10593C0027FEF86008E0FCF723FE0246FB68D31A4A
:10594C00022B01D903237DE0FFF7BDFB0346002B9F
:10595C00F1D07B681B6803F00103002B43D07B68FC
:10596C005B68022B06D1FFF793F80346002B1ED180
:10597C00012367E07B685B68032B06D1FFF716FBFE
:10598C000346002B13D101235CE07B685B68002B82
:10599C0006D1FFF7FBF90346002B08D1012351E098
:1059AC00FFF7A6F80346002B01D101234AE07B68E0
:1059BC005B681846FFF739FAFCF7E2FDF8600AE07D
:1059CC00FCF7DEFD0246FB68D31A41F288329342A3
:1059DC0001D9032336E0FFF73CFA02467B685B688B
:1059EC009B009A42ECD1194B1B6803F007033A68F1
:1059FC009A421BD2154B1B6823F0070213493B68D4
:105A0C0013430B60FCF7BCFDF86008E0FCF7B8FD35
:105A1C000246FB68D31A022B01D9032312E00B4B6D
:105A2C001B6803F007033A689A42EFD100F07EF846
:105A3C000346074A1360FCF7AFFD03461846FCF714
:105A4C0051FD034618461037BD4680BD0040005836
:105A5C000800002090B585B000AFFFF7FAF9786028
:105A6C007B68002B0AD1FFF7B6F903461B0903F03C
:105A7C000F032B4A52F82330FB604BE07B68042B5E
:105A8C0002D1284BFB6045E07B68082B0AD1FEF75E
:105A9C00CFFF0346012B02D1224BFB603AE0224B95
:105AAC00FB6037E0FFF7B9FA38603B68022B03D094
:105ABC003B68032B03D00DE01A4BBB6015E0FEF7DF
:105ACC00B7FF0346012B02D1164BBB600DE0164B02
:105ADC00BB600AE0FFF77FF903461B0903F00F03D5
:105AEC000F4A52F82330BB6000BFFFF771FA024631
:105AFC00BB6803FB02F4FFF784FA03461B0901336E
:105B0C00B4FBF3F4FFF771FA03465B0F0133B4FBFC
:105B1C00F3F3FB60FB6818461437BD4690BD00BF1D
:105B2C008CBB00080024F4000048E80198B500AFD5
:105B3C00FFF790FF0446FFF701FA03461B0903F039
:105B4C000F03034A52F82330B4FBF3F3184698BD05
:105B5C004CBB000890B585B000AF78607B68B02B6B
:105B6C0003D9154BDB6AFB6007E07B681B0903F06C
:105B7C000F03114A52F82330FB60FFF7EBF9034691
:105B8C001B0903F00F030D4A52F82330FA68B2FBDD
:105B9C00F3F3BB60BB680A4AA2FB03239C0CFEF721
:105BAC0039FF03461946204600F00CF80346184608
:105BBC001437BD4690BD00BF8CBB00084CBB000821
:105BCC0083DE1B4390B593B000AF78603960374BE0
:105BDC0007F128040FCB84E80F00354A07F11C03AA
:105BEC0007CA83E80700334B07F10C040FCB84E89A
:105BFC000F0000237B643B68B3F5007F1AD10023B0
:105C0C003B6413E03B6C9B0048333B4453F8203C13
:105C1C007A689A4207D83B6C9B0048333B4453F854
:105C2C003C3C7B6420E03B6C01333B643B6C032BC2
:105C3C00E8D919E00023FB6313E0FB6B9B004833AE
:105C4C003B4453F82C3C7A689A4207D8FB6B9B0078
:105C5C0048333B4453F83C3C7B6405E0FB6B01331D
:105C6C00FB63FB6B022BE8D9134B1B6823F0070279
:105C7C0011497B6C13430B60FCF782FCB86308E0A2
:105C8C00FCF77EFC0246BB6BD31A022B01D9032313
:105C9C0007E0094B1B6803F007037A6C9A42EFD1BB
:105CAC00002318464C37BD4690BD00BF94B9000880
:105CBC00A4B90008B0B900080040005880B400AF87
:105CCC004FF0B043D3F8903003F00103012B01D116
:105CDC00012300E000231846BD465DF8047B7047A5
:105CEC0080B400AF4FF0B043D3F8903003F0020310
:105CFC00022B01D1012300E000231846BD465DF8BC
:105D0C00047B704780B483B000AF78604FF0B04331
:105D1C00D3F8943023F440424FF0B0417B681343E6
:105D2C00C1F8943000BF0C37BD465DF8047B70475A
:105D3C0080B483B000AF78604FF0B0435B6A23F05F
:105D4C0003024FF0B0417B6813434B6200BF0C372A
:105D5C00BD465DF8047B704780B483B000AF7860BB
:105D6C004FF0B0435B6A23F030024FF0B0417B68D8
:105D7C0013434B6200BF0C37BD465DF8047B704784
:105D8C0080B483B000AF78604FF0B043D3F8883064
:105D9C0023F003024FF0B0417B681343C1F8883005
:105DAC0000BF0C37BD465DF8047B704780B483B0F0
:105DBC0000AF78604FF0B043D3F8883023F44062E2
:105DCC004FF0B0417B681343C1F8883000BF0C37EB
:105DDC00BD465DF8047B704780B483B000AF78603B
:105DEC004FF0B043D3F888207B681B0903F47F2362
:105DFC00DB431A407B681B0103F47F234FF0B04157
:105E0C001343C1F8883000BF0C37BD465DF8047BE6
:105E1C00704780B483B000AF78604FF0B043D3F8D4
:105E2C0088207B681B0C1B04DB431A407B681B041B
:105E3C004FF0B0411343C1F8883000BF0C37BD465A
:105E4C005DF8047B704780B483B000AF78604FF08E
:105E5C00B043D3F8883023F440024FF0B0417B6854
:105E6C001343C1F8883000BF0C37BD465DF8047B86
:105E7C00704780B483B000AF78604FF0B043D3F874
:105E8C00883023F040424FF0B0417B681343C1F897
:105E9C00883000BF0C37BD465DF8047B704780B47A
:105EAC0083B000AF78604FF0B043D3F8883023F064
:105EBC0040624FF0B0417B681343C1F8883000BF9B
:105ECC000C37BD465DF8047B704780B582B000AFDF
:105EDC0078607868FFF7E3FF00BF0837BD4680BDE8
:105EEC0080B483B000AF78604FF0B043D3F8883003
:105EFC0023F040524FF0B0417B681343C1F8883017
:105F0C0000BF0C37BD465DF8047B704780B483B08E
:105F1C0000AF78604FF0B043D3F8903023F4407268
:105F2C004FF0B0417B681343C1F8903000BF0C3781
:105F3C00BD465DF8047B704780B400AF4FF0B043B2
:105F4C00D3F8903003F440731846BD465DF8047BDB
:105F5C00704780B400AF4FF0B043D3F890304FF09F
:105F6C00B04243F48033C2F8903000BFBD465DF8B8
:105F7C00047B704780B400AF4FF0B043D3F890303F
:105F8C004FF0B04223F48033C2F8903000BFBD46CE
:105F9C005DF8047B704780B400AF4FF0B0431B68D2
:105FAC004FF0B04243F08063136000BFBD465DF814
:105FBC00047B704780B400AF4FF0B0431B684FF0C8
:105FCC00B04223F08063136000BFBD465DF8047BD4
:105FDC00704780B400AF4FF0B0431B6803F0006310
:105FEC00B3F1006F01D1012300E000231846BD4638
:105FFC005DF8047B704780B588B000AF78600023F3
:10600C00FB770023BB777B681B6803F04003002BF6
:10601C0034D07B681B6BB3F5400F21D0B3F5400F28
:10602C001BD8B3F5000F1DD0B3F5000F15D8002BFE
:10603C000BD0B3F5800F10D14FF0B043DB684FF0AD
:10604C00B04243F48033D3600DE07B6804331846D0
:10605C0000F047F90346FB7705E00123FB7702E0EC
:10606C0000BF00E000BFFB7F002B05D17B681B6BE2
:10607C001846FFF7E8FE01E0FB7FBB777B681B68E7
:10608C0003F40063002B46D0FFF756FFB8617B6822
:10609C001B6CBA699A423CD0FEF7ACFCBB69002B76
:1060AC0005D17B681B6C1846FFF730FF2EE04FF0D4
:1060BC00B043D3F890307B61FFF74BFFFFF75AFFEB
:1060CC007B6923F440727B681B6C13437B614FF03C
:1060DC00B0427B69C2F89030FFF7F0FD0346012B0C
:1060EC0014D1FCF74DFA38610BE0FCF749FA024683
:1060FC003B69D31A41F28832934202D90323FB77CE
:10610C0004E0FFF7EDFD0346012BEED1FB7FBB77DF
:10611C0001E0FB7FBB777B681B6803F00103002B5E
:10612C0004D07B689B691846FFF72AFE7B681B68C6
:10613C0003F00203002B04D07B68DB691846FFF7E1
:10614C0035FE7B681B6803F01003002B04D07B68C2
:10615C009B6A1846FFF75DFE7B681B6803F0200303
:10616C00002B04D07B68DB6A1846FFF752FE7B6875
:10617C001B6803F00403002B04D07B681B6A1846D1
:10618C00FFF72AFE7B681B6803F00803002B04D082
:10619C007B685B6A1846FFF71FFE7B681B6803F47D
:1061AC008073002B22D07B685B6B1846FFF78DFE4B
:1061BC007B685B6BB3F1006F07D14FF0B043DB68CA
:1061CC004FF0B04243F08073D3607B685B6BB3F1EC
:1061DC00806F0BD17B680433184600F0DDF8034662
:1061EC00FB77FB7F002B01D0FB7FBB777B681B68A9
:1061FC0003F40073002B2BD07B689B6BB3F1804FA7
:10620C0008D07B689B6BB3F1004F03D07B689B6B12
:10621C00002B05D17B689B6B1846FFF72AFE0AE022
:10622C007B689B6B23F08053FB600020FFF721FE03
:10623C00F868FFF734FE7B689B6BB3F1C05F07D146
:10624C004FF0B043DB684FF0B04243F08073D36043
:10625C007B681B6803F48063002B22D07B68DB6BAC
:10626C001846FFF73DFE7B68DB6BB3F1005F07D18F
:10627C004FF0B043DB684FF0B04243F48033D3604F
:10628C007B68DB6BB3F1805F0BD17B680433184602
:10629C0000F0DDF80346FB77FB7F002B01D0FB7F82
:1062AC00BB777B681B6803F48053002B04D07B689E
:1062BC005B6C1846FFF726FD7B681B6803F40053E4
:1062CC00002B09D07B68DB6C1846FFF745FD7B681B
:1062DC009B6C1846FFF72CFDBB7F18462037BD463C
:1062EC0080BD80B584B000AF78600023FB73FFF7EE
:1062FC0061FEFCF745F9B86009E0FCF741F902468C
:10630C00BB68D31A022B02D90323FB7304E0FFF7FB
:10631C0060FE0346002BF0D1FB7B002B37D14FF0F6
:10632C00B0431B6923F4FE427B681B681B024FF0D1
:10633C00B04113430B614FF0B0431B6923F4781247
:10634C007B685B684FF0B04113430B61FFF723FE92
:10635C00FCF716F9B86009E0FCF712F90246BB68C5
:10636C00D31A022B02D90323FB7304E0FFF731FE8F
:10637C000346012BF0D1FB7B002B08D14FF0B0432F
:10638C001A697B681B694FF0B04113430B61FB7BAF
:10639C0018461037BD4680BD80B584B000AF78601C
:1063AC000023FB73FFF706FEFCF7EAF8B86009E080
:1063BC00FCF7E6F80246BB68D31A022B02D903237A
:1063CC00FB7304E0FFF705FE0346002BF0D1FB7BCB
:1063DC00002B37D14FF0B0431B6923F4FE427B688E
:1063EC001B681B024FF0B04113430B614FF0B043DD
:1063FC001B6923F060627B689B684FF0B0411343CC
:10640C000B61FFF7C8FDFCF7BBF8B86009E0FCF7BF
:10641C00B7F80246BB68D31A022B02D90323FB73CD
:10642C0004E0FFF7D6FD0346012BF0D1FB7B002BDC
:10643C0008D14FF0B0431A697B681B694FF0B0412B
:10644C0013430B61FB7B18461037BD4680BD80B5EE
:10645C0084B000AF78600023FB73FFF7ABFDFCF753
:10646C008FF8B86009E0FCF78BF80246BB68D31ACA
:10647C00022B02D90323FB7304E0FFF7AAFD0346AA
:10648C00002BF0D1FB7B002B37D14FF0B0431B69B5
:10649C0023F4FE427B681B681B024FF0B041134390
:1064AC000B614FF0B0431B6923F060427B68DB68E3
:1064BC004FF0B04113430B61FFF76DFDFCF760F833
:1064CC00B86009E0FCF75CF80246BB68D31A022BF3
:1064DC0002D90323FB7304E0FFF77BFD0346012B7A
:1064EC00F0D1FB7B002B08D14FF0B0431A697B68CD
:1064FC001B694FF0B04113430B61FB7B18461037FF
:10650C00BD4680BD80B584B000AF78607B68002B41
:10651C0001D101239FE07B6893F82130DBB2002B83
:10652C0006D17B68002283F820207868FBF74CFEAC
:10653C007B68022283F82120494BDB6803F01003AF
:10654C00102B7ED07B681B68CA225A627B681B6842
:10655C0053225A62786800F0ABF80346002B0AD03D
:10656C007B681B68FF225A627B68042283F8212017
:10657C000123FB7367E07B681B689B687A68126871
:10658C0023F4E00323F0400393607B681B68996855
:10659C007B685A687B681B691A437B689B691A4342
:1065AC007B681B680A439A607B681B687A68D268B0
:1065BC001A617B681B6819697B689B681A047B6885
:1065CC001B680A431A617B681B68DA687B681B6866
:1065DC0022F08002DA607B681B68DA6C7B681B68CF
:1065EC0022F00302DA647B681B68D96C7B68DA6979
:1065FC007B685B691A437B681B680A43DA647B68B7
:10660C001B689B6803F02003002B13D1786800F003
:10661C0029F80346002B0DD07B681B68FF225A62B9
:10662C007B68042283F821207B68002283F82020D9
:10663C00012310E07B681B68FF225A620023FB7366
:10664C0001E00023FB73FB7B002B03D17B68012251
:10665C0083F82120FB7B18461037BD4680BD00BF58
:10666C000028004080B584B000AF78607B681B6860
:10667C00DA687B681B6822F0A002DA60FBF780FF07
:10668C00F86009E0FBF77CFF0246FB68D31AB3F510
:10669C007A7F01D9032307E07B681B68DB6803F072
:1066AC002003002BEED0002318461037BD4680BDCA
:1066BC0080B584B000AF78607B681B68DB6803F042
:1066CC004003002B19D17B681B684FF0FF32DA6056
:1066DC00FBF756FFF86009E0FBF752FF0246FB6838
:1066EC00D31AB3F57A7F01D9032307E07B681B68C3
:1066FC00DB6803F04003002BEED000231846103764
:10670C00BD4680BD80B586B000AFF860B9607A60D8
:10671C00FB6893F82030012B01D10223A8E0FB6821
:10672C00012283F82020FB68022283F82120FB68D9
:10673C001B68CA225A62FB681B6853225A62FB68A8
:10674C001B689B6803F48063002B20D0FBF718FFB9
:10675C00786115E0FBF714FF02467B69D31AB3F599
:10676C007A7F0DD9FB681B68FF225A62FB680322F3
:10677C0083F82120FB68002283F82020032377E094
:10678C00FB681B68DB6803F00403002BE2D1FB6899
:10679C001B689A68FB681B6822F480629A60FB682D
:1067AC001B68DB68DAB2FB681B6862F49062DA6023
:1067BC00FBF7E6FE786115E0FBF7E2FE02467B692B
:1067CC00D31AB3F57A7F0DD9FB681B68FF225A6286
:1067DC00FB68032283F82120FB68002283F8202029
:1067EC00032345E0FB681B68DB6803F00403002B04
:1067FC00E2D0FB681B68BA685A61FB681B689A6830
:10680C00FB681B6822F007029A60FB681B6899689A
:10681C00FB681B687A680A439A60174BD3F8803080
:10682C00154A43F40023C2F88030134B1B68124AFC
:10683C0043F400231360FB681B689A68FB681B68B1
:10684C0042F480429A60FB681B689A68FB681B687C
:10685C0042F480629A60FB681B68FF225A62FB68F4
:10686C00012283F82120FB68002283F820200023DA
:10687C0018461837BD4680BD0008005880B582B058
:10688C0000AF78607B68002B01D1012349E07B6865
:10689C0093F83D30DBB2002B06D17B68002283F8E5
:1068AC003C207868FBF7C4FC7B68022283F83D200F
:1068BC007B681A687B6804331946104600F07EFA30
:1068CC007B68012283F848207B68012283F83E20F4
:1068DC007B68012283F83F207B68012283F84020EB
:1068EC007B68012283F841207B68012283F84220D7
:1068FC007B68012283F843207B68012283F84420C3
:10690C007B68012283F845207B68012283F84620AE
:10691C007B68012283F847207B68012283F83D20A5
:10692C00002318460837BD4680BD000080B485B0F2
:10693C0000AF78607B6893F83D30DBB2012B01D05F
:10694C0001232EE07B68022283F83D207B681B68C4
:10695C00174A934204D07B681B68B3F1804F15D162
:10696C007B681B689A68134B1340FB60FB68062B13
:10697C0015D0FB68B3F5803F11D07B681B681A6893
:10698C007B681B6842F001021A6008E07B681B6898
:10699C001A687B681B6842F001021A6000E000BFB5
:1069AC00002318461437BD465DF8047B704700BFC2
:1069BC00002C01400700010080B584B000AF786066
:1069CC007B681B68DB68FB607B681B681B69BB60B2
:1069DC00BB6803F00203002B20D0FB6803F002031A
:1069EC00002B1BD07B681B686FF002021A617B685E
:1069FC0001221A777B681B689B6903F00303002B49
:106A0C0003D0786800F0BCF905E0786800F0AEF9C6
:106A1C00786800F0BFF97B6800221A77BB6803F036
:106A2C000403002B20D0FB6803F00403002B1BD0C5
:106A3C007B681B686FF004021A617B6802221A776C
:106A4C007B681B689B6903F44073002B03D0786848
:106A5C0000F096F905E0786800F088F9786800F0A5
:106A6C0099F97B6800221A77BB6803F00803002BA6
:106A7C0020D0FB6803F00803002B1BD07B681B683D
:106A8C006FF008021A617B6804221A777B681B6816
:106A9C00DB6903F00303002B03D0786800F070F976
:106AAC0005E0786800F062F9786800F073F97B68AB
:106ABC0000221A77BB6803F01003002B20D0FB6870
:106ACC0003F01003002B1BD07B681B686FF01002C7
:106ADC001A617B6808221A777B681B68DB6903F4F0
:106AEC004073002B03D0786800F04AF905E0786811
:106AFC0000F03CF9786800F04DF97B6800221A77B9
:106B0C00BB6803F00103002B0CD0FB6803F00103FE
:106B1C00002B07D07B681B686FF001021A61786844
:106B2C0000F01AF9BB6803F08003002B04D1BB689A
:106B3C0003F40053002B0CD0FB6803F08003002BF4
:106B4C0007D07B681B686FF402521A61786800F0FA
:106B5C00ABFABB6803F48073002B0CD0FB6803F01A
:106B6C008003002B07D07B681B686FF480721A615E
:106B7C00786800F0A3FABB6803F04003002B0CD03C
:106B8C00FB6803F04003002B07D07B681B686FF099
:106B9C0040021A61786800F007F9BB6803F0200323
:106BAC00002B0CD0FB6803F02003002B07D07B6874
:106BBC001B686FF020021A61786800F06BFA00BF56
:106BCC001037BD4680BD80B584B000AF78603960A9
:106BDC000023FB737B6893F83C30012B01D102231B
:106BEC00B6E07B68012283F83C207B68022283F8A4
:106BFC003D207B681B689B68BB60BB6823F4441317
:106C0C0023F07703BB60BB6823F47F43BB607B68D6
:106C1C001B68BA689A603B681B68B3F5005F3ED08E
:106C2C00B3F5005F00F28780B3F5805F00F08680DB
:106C3C00B3F5805F7FD8702B1AD0702B7BD8602B6C
:106C4C0050D0602B77D8502B3CD0502B73D8402B86
:106C5C0058D0402B6FD8302B64D0302B6BD8202BD6
:106C6C0060D0202B67D8002B5CD0102B5AD062E060
:106C7C007B6818683B6899683B685A683B68DB68B6
:106C8C0000F088F97B681B689B68BB60BB6843F0AD
:106C9C007703BB607B681B68BA689A604FE07B68BF
:106CAC0018683B6899683B685A683B68DB6800F079
:106CBC0071F97B681B689A687B681B6842F4804298
:106CCC009A603CE07B6818683B6859683B68DB68F5
:106CDC001A4600F0E3F87B681B685021184600F058
:106CEC003CF92CE07B6818683B6859683B68DB68AA
:106CFC001A4600F002F97B681B686021184600F008
:106D0C002CF91CE07B6818683B6859683B68DB68A9
:106D1C001A4600F0C3F87B681B684021184600F047
:106D2C001CF90CE07B681A683B681B681946104616
:106D3C0000F013F903E00123FB7300E000BF7B6854
:106D4C00012283F83D207B68002283F83C20FB7BEA
:106D5C0018461037BD4680BD80B483B000AF786054
:106D6C0000BF0C37BD465DF8047B704780B483B020
:106D7C0000AF786000BF0C37BD465DF8047B7047F0
:106D8C0080B483B000AF786000BF0C37BD465DF8AF
:106D9C00047B704780B483B000AF786000BF0C37C1
:106DAC00BD465DF8047B704780B483B000AF78605B
:106DBC0000BF0C37BD465DF8047B704780B485B0CE
:106DCC0000AF786039607B681B68FB607B68304A79
:106DDC00934203D07B68B3F1804F08D1FB6823F05A
:106DEC007003FB603B685B68FA681343FB607B686D
:106DFC00274A93420BD07B68B3F1804F07D07B6856
:106E0C00244A934203D07B68234A934208D1FB68FF
:106E1C0023F44073FB603B68DB68FA681343FB6048
:106E2C00FB6823F080023B685B691343FB607B6863
:106E3C00FA681A603B689A687B68DA623B681A6881
:106E4C007B689A627B68124A934207D07B68114A2E
:106E5C00934203D07B68104A934203D13B681A6972
:106E6C007B681A637B6801225A617B681B6903F09B
:106E7C000103012B05D17B681B6923F001027B68A0
:106E8C001A6100BF1437BD465DF8047B704700BF24
:106E9C00002C0140004401400048014080B487B000
:106EAC0000AFF860B9607A60FB681B6A7B61FB68B5
:106EBC001B6A23F00102FB681A62FB689B693B6149
:106ECC003B6923F0F0033B617B681B013A69134378
:106EDC003B617B6923F00A037B617A69BB681343CE
:106EEC007B61FB683A699A61FB687A691A6200BF38
:106EFC001C37BD465DF8047B704780B487B000AF8B
:106F0C00F860B9607A60FB681B6A7B61FB681B6A7E
:106F1C0023F01002FB681A62FB689B693B613B69BA
:106F2C0023F470433B617B681B033A6913433B6159
:106F3C007B6923F0A0037B61BB681B017A69134357
:106F4C007B61FB683A699A61FB687A691A6200BFD7
:106F5C001C37BD465DF8047B704780B485B000AF2C
:106F6C00786039607B689B68FB60FB6823F4401396
:106F7C0023F07003FB603A68FB68134343F007038C
:106F8C00FB607B68FA689A6000BF1437BD465DF8F9
:106F9C00047B704780B487B000AFF860B9607A604A
:106FAC003B60FB689B687B617B6923F47F437B615F
:106FBC003B681A027B681A43BB6813437A69134314
:106FCC007B61FB687A699A6000BF1C37BD465DF82F
:106FDC00047B704780B485B000AF786039607B6803
:106FEC0093F83C30012B01D102234AE07B6801224B
:106FFC0083F83C207B68022283F83D207B681B6869
:10700C005B68FB607B681B689B68BB607B681B686C
:10701C001F4A934208D1FB6823F47003FB603B6862
:10702C005B68FA681343FB60FB6823F07003FB603A
:10703C003B681B68FA681343FB607B681B68FA6843
:10704C005A607B681B68124A934204D07B681B68A9
:10705C00B3F1804F0CD1BB6823F08003BB603B685D
:10706C009B68BA681343BB607B681B68BA689A60FC
:10707C007B68012283F83D207B68002283F83C204A
:10708C00002318461437BD465DF8047B704700BFDB
:10709C00002C014080B483B000AF786000BF0C3787
:1070AC00BD465DF8047B704780B483B000AF786058
:1070BC0000BF0C37BD465DF8047B704780B483B0CD
:1070CC0000AF786000BF0C37BD465DF8047B70479D
:1070DC0080B588B000AF0023FB7107F108031822BC
:1070EC000021184601F029FB3F233B8181237B8142
:1070FC00FB1DBB610123FB6107F10803002118464E
:10710C0001F0BEFE0346002B01DAFF2300E0FB7901
:10711C0018462037BD4680BDB0B5CEB000AF054691
:10712C000C461046194607F59C73A3F231132A46F8
:10713C001A7007F59C73A3F59A7322461A8007F50B
:10714C009C73A3F59B7302461A8007F59C73A3F5F9
:10715C0099730A461A7007F11003C7F8343197F87F
:10716C004C31083307F110021344C7F8303197F84B
:10717C004C2197F854311344093307F1100213448E
:10718C00C7F82C3107F59C73A3F2291300221A704F
:10719C000023C7F82831D7F8343107F59C72A2F2D6
:1071AC00311212781A70D7F828310133C7F8283108
:1071BC00D7F8343107F59C72A2F59A721288A3F8AD
:1071CC000120D7F828310233C7F82831D7F83431E9
:1071DC0007F59C72A2F59B721288A3F80320D7F8CE
:1071EC0028310233C7F82831D7F8343107F59C72AF
:1071FC00A2F5997212785A71D7F828310133C7F871
:10720C002831D7F8343197F848219A71D7F82831BA
:10721C000133C7F82831D7F8343197F84C21DA719B
:10722C00D7F828310133C7F82831D7F8343108336F
:10723C0097F84C21D7F85011184601F06EFA97F8D0
:10724C004C31D7F828211344C7F82831D7F83031FE
:10725C0097F854211A70D7F828310133C7F8283120
:10726C00D7F83031013397F85421D7F85811184614
:10727C0001F053FA97F85431D7F828211344C7F882
:10728C002831D7F82C31B7F85C211A80D7F828317F
:10729C000233C7F82831D7F82C31B7F860215A805F
:1072AC00D7F828310233C7F8283107F5887318222C
:1072BC000021184601F041FA3F23A7F8103183232F
:1072CC00A7F8123107F11003C7F81831D7F8283195
:1072DC00C7F81C3107F10F03C7F820310123C7F899
:1072EC00243107F588730021184601F0C9FD0346C7
:1072FC00002B01DAFF2304E007F59C73A3F229139A
:10730C001B78184607F59C77BD46B0BD80B5CCB050
:10731C0000AF024607F59873A3F229131A7007F110
:10732C001003C7F82C3107F59873A3F22113002230
:10733C001A700023C7F82831D7F82C3107F598724A
:10734C00A2F2291212781A70D7F828310133C7F833
:10735C00283107F5887318220021184601F0EDF941
:10736C003F23A7F810318523A7F8123107F110033A
:10737C00C7F81831D7F82831C7F81C3107F10F03BB
:10738C00C7F820310123C7F8243107F58873002191
:10739C00184601F075FD0346002B01DAFF2304E0CB
:1073AC0007F59873A3F221131B78184607F5987705
:1073BC00BD4680BDB0B5CCB000AF05460C461046FE
:1073CC00194607F59873A3F229132A461A7007F584
:1073DC009873A3F5957322461A7007F59873A3F268
:1073EC002B1302461A7007F59873A3F596730A4689
:1073FC001A7007F11003C7F82C3107F59873A3F234
:10740C00211300221A700023C7F82831D7F82C3129
:10741C0007F59872A2F2291212781A70D7F828314F
:10742C000133C7F82831D7F82C3107F59872A2F53B
:10743C00957212785A70D7F828310133C7F8283171
:10744C00D7F82C3107F59872A2F22B1212789A7099
:10745C00D7F828310133C7F82831D7F82C3107F584
:10746C009872A2F596721278DA70D7F82831013337
:10747C00C7F82831D7F82C3197F840211A71D7F872
:10748C0028310133C7F82831D7F82C3197F844212B
:10749C005A71D7F828310133C7F82831D7F82C3175
:1074AC0097F848219A71D7F828310133C7F8283159
:1074BC00D7F82C31D7F84C21C3F80720D7F828314E
:1074CC000433C7F82831D7F82C3197F85021DA72E9
:1074DC00D7F828310133C7F8283107F588731822FB
:1074EC000021184601F029F93F23A7F81031862313
:1074FC00A7F8123107F11003C7F81831D7F8283163
:10750C00C7F81C3107F10F03C7F820310123C7F866
:10751C00243107F588730021184601F0B1FC0346AD
:10752C00002B01DAFF2304E007F59873A3F2211373
:10753C001B78184607F59877BD46B0BD80B5CCB022
:10754C0000AF024607F59873A3F59873196007F519
:10755C009873A3F595731A8007F11003C7F82C31B3
:10756C0007F59873A3F2211300221A700023C7F8B1
:10757C002831D7F82C3107F59872A2F5957212883C
:10758C001A80D7F828310233C7F82831D7F82C31B4
:10759C0007F59872A2F598721268C3F80220D7F812
:1075AC0028310433C7F8283107F5887318220021D5
:1075BC00184601F0C2F83F23A7F810318823A7F82A
:1075CC00123107F11003C7F81831D7F82831C7F872
:1075DC001C3107F10F03C7F820310123C7F8243100
:1075EC0007F588730021184601F04AFC0346002B6E
:1075FC0001DAFF2304E007F59873A3F221131B783B
:10760C00184607F59877BD4680BD90B5CDB000AF54
:10761C0004460846114607F59872A2F59872136055
:10762C0007F59873A3F2291322461A7007F598737D
:10763C00A3F5957302461A7007F59873A3F22B13F2
:10764C000A461A7007F11003C7F82C3107F108032A
:10765C0007220021184601F070F80023C7F82831E2
:10766C00D7F82C3107F59872A2F2291212781A70F9
:10767C00D7F828310133C7F82831D7F82C3107F562
:10768C009872A2F5957212785A70D7F82831013396
:10769C00C7F82831D7F82C3107F59872A2F22B12C3
:1076AC0012789A70D7F828310133C7F8283107F5CA
:1076BC00887318220021184601F03FF83F23A7F8E1
:1076CC0010318A23A7F8123107F11003C7F81831CB
:1076DC00D7F82831C7F81C3107F10803C7F8203157
:1076EC000723C7F8243107F588730021184601F0E9
:1076FC00C7FB0346002B01DAFF232EE007F5987336
:10770C00A3F594731B78002B05D007F59873A3F59C
:10771C0094731B7821E007F59873A3F59473B3F871
:10772C0001309AB207F59873A3F598731B681A8009
:10773C0007F59873A3F59473B3F803309AB2D7F89E
:10774C0040311A8007F59873A3F59473B3F805309C
:10775C009AB2D7F844311A800023184607F59A7765
:10776C00BD4690BD80B5CCB000AF024607F598730E
:10777C00A3F59873196007F59873A3F229131A707F
:10778C0007F11003C7F82C3107F59873A3F22113F6
:10779C0000221A700023C7F82831D7F82C3107F5CE
:1077AC009872A2F2291212781A70D7F82831013384
:1077BC00C7F82831D7F82C31581C07F59873A3F269
:1077CC0029131A7807F59873A3F59873196800F0C4
:1077DC00A4FF07F59873A3F229131B78D7F8282177
:1077EC001344C7F8283107F588731822002118466E
:1077FC0000F0A3FF3F23A7F810318E23A7F8123116
:10780C0007F11003C7F81831D7F82831C7F81C3125
:10781C0007F10F03C7F820310123C7F8243107F50E
:10782C0088730021184601F02BFB0346002B01DA6C
:10783C00FF2304E007F59873A3F221131B78184675
:10784C0007F59877BD4680BD80B588B000AF0023A2
:10785C00FB7107F1080318220021184600F06DFF98
:10786C003F233B8192237B81FB1DBB610123FB6189
:10787C0007F108030021184601F002FB0346002B18
:10788C0001DAFF2300E0FB7918462037BD4680BDA6
:10789C0080B5CCB000AF024607F59873A3F595738D
:1078AC001A8007F59873A3F22B130A461A7007F186
:1078BC001003C7F82C3107F59873A3F2211300229B
:1078CC001A700023C7F82831D7F82C3107F59872B5
:1078DC00A2F5957212881A80D7F828310233C7F8AE
:1078EC002831D7F82C3107F59872A2F22B121278A6
:1078FC009A70D7F828310133C7F8283107F5887307
:10790C0018220021184600F018FF3F23A7F8103169
:10791C00A523A7F8123107F11003C7F81831D7F8CF
:10792C002831C7F81C3107F10F03C7F820310123A8
:10793C00C7F8243107F588730021184601F0A0FA26
:10794C000346002B01DAFF2304E007F59873A3F23A
:10795C0021131B78184607F59877BD4680BD80B576
:10796C0088B000AF0023FB7107F108031822002137
:10797C00184600F0E2FE3F233B8140F201137B816D
:10798C00FB1DBB610123FB6107F1080300211846B5
:10799C0001F076FA0346002B01DAFF2300E0FB79B5
:1079AC0018462037BD4680BD90B5CFB000AF044619
:1079BC0007F59C70A0F59C7001601046194607F500
:1079CC009C73A3F2311322461A7007F59C73A3F52E
:1079DC00997302461A7007F59C73A3F233130A4687
:1079EC001A7007F11003C7F8303107F59C73A3F236
:1079FC0031131B78012B0AD007F59C73A3F23113BA
:107A0C001B78022B01D1112302E0012300E0032398
:107A1C0007F110021344C7F82C3107F10C030322B1
:107A2C000021184600F089FE0023C7F82831D7F84A
:107A3C00303107F59C72A2F2311212781A70D7F815
:107A4C0028310133C7F8283107F59C73A3F23113A1
:107A5C001B78012B02D0022B04D007E0022387F8FD
:107A6C00373105E0102387F8373101E097236CE0BC
:107A7C00D7F83031581C97F8372107F59C73A3F5CC
:107A8C009C73196800F049FE97F83731D7F8282114
:107A9C001344C7F82831D7F82C3107F59C72A2F59E
:107AAC00997212781A70D7F828310133C7F8283137
:107ABC00D7F82C3107F59C72A2F2331212785A7057
:107ACC00D7F828310133C7F8283107F58873182205
:107ADC000021184600F031FE3F23A7F810314FF477
:107AEC008173A7F8123107F11003C7F81831D7F8D2
:107AFC002831C7F81C3107F10C03C7F820310323D8
:107B0C00C7F8243107F588730021184601F0B8F93D
:107B1C000346002B01DAFF2317E007F59C73A3F54E
:107B2C0096731B78002B05D007F59C73A3F5967301
:107B3C001B780AE007F59C73A3F59673B3F8013034
:107B4C009AB2D7F848311A800023184607F59E7769
:107B5C00BD4690BD90B5D1B000AF0446084607F5C0
:107B6C00A071A1F59C710A60194607F5A073A3F5E5
:107B7C00997322461A8007F5A073A3F233130246B9
:107B8C001A7007F5A073A3F59D730A461A8007F1C6
:107B9C001803C7F8383107F5A073A3F233131B7819
:107BAC00012B0AD007F5A073A3F233131B78022B19
:107BBC0001D1132302E0032300E0052307F118028F
:107BCC001344C7F8343107F114030322002118467B
:107BDC0000F0B3FD0023C7F83031D7F8383107F582
:107BEC00A072A2F5997212881A80D7F8303102333C
:107BFC00C7F83031D7F8383107F5A072A2F233123A
:107C0C0012789A70D7F830310133C7F8303107F554
:107C1C00A073A3F233131B78012B02D0022B04D0D8
:107C2C0007E0022387F83F3105E0102387F83F3146
:107C3C0001E0972391E0D7F83831D81C97F83F2111
:107C4C0007F5A073A3F59C73196800F066FD97F80F
:107C5C003F31D7F830211344C7F83031D7F83431DD
:107C6C0007F5A072A2F59D7212881A80D7F83031F0
:107C7C000233C7F83031D7F8343197F850219A7065
:107C8C00D7F830310133C7F83031D7F8343197F8A1
:107C9C005421DA70D7F830310133C7F83031D7F8C6
:107CAC00343197F858211A71D7F830310133C7F8AD
:107CBC003031D7F8343197F85C215A71D7F830311C
:107CCC000133C7F83031D7F8343197F860219A7105
:107CDC00D7F830310133C7F8303107F58C731822DF
:107CEC000021184600F029FD3F23A7F818314FF466
:107CFC008273A7F81A3107F11803C7F82031D7F8A7
:107D0C003031C7F8243107F11403C7F828310323A5
:107D1C00C7F82C3107F58C730021184601F0B0F828
:107D2C000346002B01DAFF2317E007F5A073A3F538
:107D3C0096731B78002B05D007F5A073A3F59673EB
:107D4C001B780AE007F5A073A3F59673B3F801301E
:107D5C009AB2D7F864311A800023184607F5A27737
:107D6C00BD4690BDB0B5CCB000AF05460C46104634
:107D7C00194607F59873A3F595732A461A8007F5EB
:107D8C009873A3F5967322461A8007F59873A3F29D
:107D9C002D1302461A7007F59873A3F597730A46CC
:107DAC001A7007F11003C7F82C3107F59873A3F27A
:107DBC00211300221A700023C7F82831D7F82C3170
:107DCC0007F59872A2F5957212881A80D7F82831A7
:107DDC000233C7F82831D7F82C3107F59872A2F581
:107DEC00967212885A80D7F828310233C7F8283196
:107DFC00D7F82C3107F59872A2F22D1212781A715D
:107E0C00D7F828310133C7F82831D7F82C3107F5CA
:107E1C009872A2F5977212785A71D7F828310133FB
:107E2C00C7F82831D7F82C31981D07F59873A3F5AE
:107E3C0097731B781A46D7F8401100F06EFC07F5C3
:107E4C009873A3F597731B78D7F828211344C7F8B8
:107E5C00283107F5887318220021184600F06DFCB4
:107E6C003F23A7F810314FF48373A7F8123107F1B1
:107E7C001003C7F81831D7F82831C7F81C3107F1AF
:107E8C000F03C7F820310123C7F8243107F5887395
:107E9C000021184600F0F4FF0346002B01DAFF2303
:107EAC0004E007F59873A3F221131B78184607F525
:107EBC009877BD46B0BD80B5CCB000AF024607F593
:107ECC009873A3F595731A8007F11003C7F82C313A
:107EDC0007F59873A3F2211300221A700023C7F838
:107EEC002831D7F82C3107F59872A2F595721288C3
:107EFC001A80D7F828310233C7F8283107F5887370
:107F0C0018220021184600F018FC3F23A7F8103166
:107F1C0040F20B13A7F812310F23C7F8143107F1F5
:107F2C001003C7F81831D7F82831C7F81C3107F1FE
:107F3C000F03C7F820310123C7F8243107F58873E4
:107F4C000021184600F09CFF0346002B01DAFF23AA
:107F5C0004E007F59873A3F221131B78184607F574
:107F6C009877BD4680BD80B5CCB000AF024607F512
:107F7C009873A3F595731A8007F11003C7F82C3189
:107F8C0007F59873A3F2211300221A700023C7F887
:107F9C002831D7F82C3107F59872A2F59572128812
:107FAC001A80D7F828310233C7F8283107F58873BF
:107FBC0018220021184600F0C0FB3F23A7F810310F
:107FCC0040F22513A7F8123107F11003C7F8183146
:107FDC00D7F82831C7F81C3107F10F03C7F8203147
:107FEC000123C7F8243107F588730021184600F0E7
:107FFC0047FF0346002B01DAFF2304E007F59873D3
:10800C00A3F221131B78184607F59877BD4680BD5F
:10801C0080B5CCB000AF07F59873A3F598731A60D0
:10802C0007F59873A3F2291302461A7007F5987393
:10803C00A3F595730A461A7007F11003C7F82C3193
:10804C0007F59873A3F2211300221A700023C7F8C6
:10805C002831D7F82C3107F59872A2F22912127830
:10806C001A70D7F828310133C7F82831D7F82C31DA
:10807C0007F59872A2F5957212785A70D7F82831D4
:10808C000133C7F82831D7F82C31981C07F59873B1
:10809C00A3F595731A7807F59873A3F59873196877
:1080AC0000F03BFB07F59873A3F595731B78D7F895
:1080BC0028211344C7F8283107F5887318220021AA
:1080CC00184600F03AFB3F23A7F810310C23A7F811
:1080DC00123107F11003C7F81831D7F82831C7F857
:1080EC001C3107F10F03C7F820310123C7F82431E5
:1080FC0007F588730021184600F0C2FE0346002BDA
:10810C0001DAFF2304E007F59873A3F221131B781F
:10811C00184607F59877BD4680BD80B5CCB000AF4A
:10812C00024607F59873A3F229131A7007F5987392
:10813C00A3F595730A461A7007F11003C7F82C3192
:10814C0007F59873A3F2211300221A700023C7F8C5
:10815C002831D7F82C3107F59872A2F2291212782F
:10816C001A70D7F828310133C7F82831D7F82C31D9
:10817C0007F59872A2F5957212785A70D7F82831D3
:10818C000133C7F8283107F58873182200211846E7
:10819C0000F0D3FA3F23A7F810310F23A7F81231C0
:1081AC0007F11003C7F81831D7F82831C7F81C317C
:1081BC0007F10F03C7F820310123C7F8243107F565
:1081CC0088730021184600F05BFE0346002B01DA91
:1081DC00FF2304E007F59873A3F221131B781846CC
:1081EC0007F59877BD4680BD80B5CCB000AF024690
:1081FC0007F59873A3F595731A8007F11003C7F868
:10820C002C3107F59873A3F2211300221A70002366
:10821C00C7F82831D7F82C3107F59872A2F595726A
:10822C0012881A80D7F828310233C7F8283107F59D
:10823C00887318220021184600F07FFA3F23A7F814
:10824C0010311823A7F8123107F11003C7F81831B1
:10825C00D7F82831C7F81C3107F10F03C7F82031C4
:10826C000123C7F8243107F588730021184600F064
:10827C0007FE0346002B01DAFF2304E007F5987391
:10828C00A3F221131B78184607F59877BD4680BDDD
:10829C0080B588B000AF0023FB7107F108031822EA
:1082AC000021184600F049FA03233B8103237B810C
:1082BC00FB1DBB610123FB6107F10803002118467C
:1082CC0000F0DEFD0346002B01DAFF2300E0FB7912
:1082DC0018462037BD4680BD90B5CDB000AF0446E2
:1082EC000846114607F59873A3F5957322461A8034
:1082FC0007F59873A3F5967302461A8007F59873E1
:10830C00A3F597730A461A8007F11003C7F82C31AE
:10831C0007F10C0303220021184600F00EFA00238B
:10832C00C7F82831D7F82C3107F59872A2F5957259
:10833C0012881A80D7F828310233C7F82831D7F8B9
:10834C002C3107F59872A2F5967212885A80D7F8DC
:10835C0028310233C7F82831D7F82C3107F5987239
:10836C00A2F5977212889A80D7F828310233C7F891
:10837C00283107F5887318220021184600F0DDF922
:10838C000823A7F810312223A7F8123107F11003A4
:10839C00C7F81831D7F82831C7F81C3107F10C038E
:1083AC00C7F820310323C7F8243107F5887300215F
:1083BC00184600F065FD0346002B01DAFF230DE0A3
:1083CC0007F59873A3F592731B78002B05D007F56E
:1083DC009873A3F592731B7800E00023184607F5F9
:1083EC009A77BD4690BD80B5CEB000AF07F59C73B3
:1083FC00A3F59873196007F59C73A3F59A731A602B
:10840C0007F59C73A3F5957302461A8007F11803C0
:10841C00C7F8343107F1100305220021184600F08B
:10842C008CF90023C7F83031D7F8343107F59C723A
:10843C00A2F5957212881A80D7F830310233C7F83A
:10844C00303107F58C7318220021184600F075F9AD
:10845C000823A7F818313023A7F81A3107F11803AD
:10846C00C7F82031D7F83031C7F8243107F11003A1
:10847C00C7F828310523C7F82C3107F58C73002178
:10848C00184600F0FDFC0346002B01DAFF2323E025
:10849C0007F59C73A3F594731B78002B05D007F597
:1084AC009C73A3F594731B7816E007F59C73A3F5E6
:1084BC009473DA7807F59C73A3F598731B681A709C
:1084CC0007F59C73A3F594731A7907F59C73A3F5C0
:1084DC009A731B681A700023184607F59C77BD46E3
:1084EC0080BD90B5CDB000AF04460846114607F5E7
:1084FC009873A3F2291322461A7007F59873A3F503
:10850C00957302461A7007F59873A3F22B130A465B
:10851C001A7007F11003C7F82C3107F59873A3F202
:10852C00211300221A700023C7F82831D7F82C31F8
:10853C0007F59872A2F2291212781A70D7F828311E
:10854C000133C7F82831D7F82C3107F59872A2F50A
:10855C00957212785A70D7F828310133C7F8283140
:10856C00D7F82C3107F59872A2F22B1212789A7068
:10857C00D7F828310133C7F8283107F5887318224A
:10858C000021184600F0D9F80823A7F81031312340
:10859C00A7F8123107F11003C7F81831D7F82831B2
:1085AC00C7F81C3107F10F03C7F820310123C7F8B6
:1085BC00243107F588730021184600F061FC03464E
:1085CC00002B01DAFF2304E007F59873A3F22113C3
:1085DC001B78184607F59A77BD4690BDB0B5CCB060
:1085EC0000AF05460C461046194607F59873A3F5DF
:1085FC0095732A461A8007F59873A3F5967322464D
:10860C001A8007F59873A3F5977302461A8007F53D
:10861C009873A3F598730A461A8007F11003C7F8EC
:10862C002C3107F59873A3F2211300221A70002342
:10863C00C7F82831D7F82C3107F59872A2F5957246
:10864C0012881A80D7F828310233C7F82831D7F8A6
:10865C002C3107F59872A2F5967212885A80D7F8C9
:10866C0028310233C7F82831D7F82C3107F5987226
:10867C00A2F5977212889A80D7F828310233C7F87E
:10868C002831D7F82C3107F59872A2F59872128818
:10869C00DA80D7F828310233C7F82831D7F82C31D3
:1086AC00B7F840211A81D7F828310233C7F828319E
:1086BC0007F5887318220021184600F03EF83F2376
:1086CC00A7F8103140F28113A7F812310F23C7F825
:1086DC00143107F11003C7F81831D7F82831C7F84F
:1086EC001C3107F10F03C7F820310123C7F82431DF
:1086FC0007F588730021184600F0C2FB0346002BD7
:10870C0001DAFF2304E007F59873A3F221131B7819
:10871C00184607F59877BD46B0BD80B584B000AF5C
:10872C00F860B9607A607A68B968F86803F004F99F
:10873C00034618461037BD4680BD80B584B000AFE7
:10874C00F860B9607A607A68B968F86803F0C8F8BC
:10875C00034618461037BD4680BD000080B58AB070
:10876C0000AF7860002387F827307B6801333B62C9
:10877C003B6A1B78FF2B4CD13B6A0233FB61FB69D4
:10878C001B889BB21A4640F601439A423DD1FB69C5
:10879C000233BB61BB695B889BB21A46204B9B883A
:1087AC0002339A4218D1012387F82730BB691B7A10
:1087BC0003F00103002B07D000233B7207F10803E1
:1087CC00184602F06FFB22E001233B7207F108030D
:1087DC00184602F067FB1AE0BB695B889BB21A462D
:1087EC000F4B5B8801339A4211D103233B72BB6957
:1087FC00DB889BB2DBB23B74BB690833FB6007F1CF
:10880C000803184602F04EFB01E000BF02E000BF77
:10881C0000E000BF97F8273018462837BD4680BDCA
:10882C005400002080B58AB006AF4A4800F042F9E7
:10883C008F233B70E5237B70B323BB70D523FB7078
:10884C002E233B717F237B714A23BB719823FB71D1
:10885C002A233B7248237B727A23BB72CC23FB7294
:10886C0040233B73FE237B730023BB730023FB73FA
:10887C003946394B0093062301220220FFF794F866
:10888C0019233B70ED237B708223BB70AE23FB70EE
:10889C00ED233B7121237B714C23BB719D23FB7119
:1088AC0041233B7245237B722223BB728E23FB72C6
:1088BC0041233B73FE237B730023BB730023FB73A9
:1088CC00254B18883A46254B0593012304930A231C
:1088DC0003930123029300230193062300930223A5
:1088EC000221FFF737F919233B70ED237B708223AC
:1088FC00BB70AE23FB70ED233B7121237B714C23AA
:10890C00BB719D23FB7141233B7245237B72222358
:10891C00BB728E23FB7242233B73FE237B730023BB
:10892C00BB730023FB730C4B18883A460C4B059316
:10893C00012304930A23039301230293002301933D
:10894C001023009302230221FFF704F900BF103714
:10895C00BD4680BD698700085400002056000020E9
:10896C005800002080B400AF00BFBD465DF8047B0A
:10897C00704780B400AF00BFBD465DF8047B704704
:10898C0080B400AF00BFBD465DF8047B704780B477
:10899C0000AF00BFBD465DF8047B704780B400AFEC
:1089AC0000BFBD465DF8047B704780B400AF00BFCC
:1089BC00BD465DF8047B704780B400AF00BFBD4678
:1089CC005DF8047B704780B400AF00BFBD465DF816
:1089DC00047B704780B400AF00BFBD465DF8047BDC
:1089EC00704780B400AF00BFBD465DF8047B704794
:1089FC0080B400AF00BFBD465DF8047B704780B407
:108A0C0000AF00BFBD465DF8047B704780B400AF7B
:108A1C0000BFBD465DF8047B704780B400AF00BF5B
:108A2C00BD465DF8047B704780B400AF00BFBD4607
:108A3C005DF8047B704780B400AF00BFBD465DF8A5
:108A4C00047B704780B500AF044B00221A77044BAF
:108A5C0000221A7100F006F800BF80BD5C000020F7
:108A6C007C00002080B500AFFFF77CFFFFF781FF93
:108A7C00FFF786FFFFF78BFFFFF790FFFFF795FFE0
:108A8C00FFF79AFFFFF79FFFFFF7A4FFFFF7A9FF80
:108A9C00FFF7AEFFFFF7B3FFFFF7C4FEFFF7B6FF1C
:108AAC00FFF7BBFFFFF7C7FFFFF7BEFF02F010F9A0
:108ABC0000BF80BD80B483B000AF7860094B1B7FD2
:108ACC001946084A7B6842F82130064B1B7F01335C
:108ADC00DAB2044B1A7700BF0C37BD465DF8047B45
:108AEC00704700BF5C00002080B586B000AF786096
:108AFC007B6801333B610023FB753B691B78FF2BC3
:108B0C003FD13B690233FB60FB681B889BB203F4CB
:108B1C007F43B3F5406F32D100237B750DE07B7D35
:108B2C00274A52F82330786898470346FB75FB7D3B
:108B3C00002B08D17B7D01337B75214B1B7F7A7D0C
:108B4C009A42ECD300E000BF0023FB7500237B7539
:108B5C000DE07B7D1B4A52F823307868984703461A
:108B6C00FB75FB7D002B08D17B7D01337B75154B91
:108B7C001B797A7D9A42ECD302E000BF00E000BF83
:108B8C0000E000BFFB7D022B0FD0022B10DC002B72
:108B9C0002D0012B06D00BE0786800F0D5FF03461D
:108BAC00BB7508E00123BB7505E00023BB7502E033
:108BBC000123BB7500BFBB7D18461837BD4680BD71
:108BCC005C0000207C00002080B588B000AF78608D
:108BDC0007F10C03FB617B6803F10C02FB692E218E
:108BEC004FF6664000F0E8FAFB690B33DB78184669
:108BFC002037BD4680BD80B588B000AF786007F1E6
:108C0C000C03FB617B6803F10C02FB690F214FF62F
:108C1C00684000F0D1FAFB690B33DB78184620373B
:108C2C00BD4680BD80B588B000AF786007F10C03FD
:108C3C00FB61FB697A6810214FF6754000F0BCFAB5
:108C4C00FB690B33DB7818462037BD4680BD00002E
:108C5C0080B48BB000AF786000233B610023FB60D5
:108C6C0000237B6200233B620023FB610023BB607B
:108C7C000023BB6100237B614A4BDB6BC3F30D0309
:108C8C003B613B699B0003F1005303F540331B68C8
:108C9C00BB60BB681B68444A93420FD1BB685B69DD
:108CAC007B62BB689B693B62BB68DB69FB61BB6831
:108CBC00DB68BB61BB681B697B611AE03B699B008D
:108CCC0003F1005303F54033FB60FB681B681B6921
:108CDC007B62FB681B685B693B62FB681B689B697A
:108CEC00FB61FB681B685B68BB61FB681B689B686E
:108CFC007B617B6A1B0EDAB27B681A707B6A1B0C79
:108D0C00DAB27B685A707B6A1B0ADAB27B689A709B
:108D1C007B6A1B09DBB203F00F03DAB27B68DA70F3
:108D2C007B6ADBB203F00F03DAB27B681A713B6A21
:108D3C001B0EDAB27B685A713B6A1B0CDAB27B6889
:108D4C009A713B6A1B0ADAB27B68DA713B6ADAB257
:108D5C007B681A72FB69DAB27B685A72BB691B0EAC
:108D6C00DAB27B689A72BB691B0CDAB27B68DA7276
:108D7C00BB691B0ADAB27B681A737B691B0EDAB209
:108D8C007B685A737B691B0CDAB27B689A737B69BC
:108D9C00DAB27B68DA73002318462C37BD465DF8CF
:108DAC00047B704700400058B95646A980B582B084
:108DBC0000AF786039603B685B68084A1360084A0A
:108DCC007B68D361064800F079F93B681B6818464C
:108DDC0000F0DAF800BF0837BD4680BD0403002060
:108DEC00DC02002080B584B000AF224800F032FDD8
:108DFC000346002B2BD1204B1B78002B27D007F1DF
:108E0C000C0319461B4800F0B4FD1C4BDB69002B0E
:108E1C000CD0FB68BB6001233B71184BDB693A1D1E
:108E2C00104698473A79144B1A7002E0124B012203
:108E3C001A70114B1B78002B04D0FB68184600F0FD
:108E4C000DFC04E0FB6819460A4800F025FD0948B2
:108E5C0000F000FD0346002B07D1074B1B78002BBD
:108E6C0003D0044801F0A0F900BF00BF1037BD4685
:108E7C0080BD00BF8800002094000020DC02002090
:108E8C0080B588B000AF78600B46FB70002000F016
:108E9C00D1F80023FB777B685B881BB2C3F3090313
:108EAC001AB27B681B881BB29B021BB213431BB20A
:108EBC00BB83334B01221A707B68DB68D9B27B68A9
:108ECC009A68BB8B184600F08FF84EE048F2E80029
:108EDC0001F081F943E007F10C031946294800F031
:108EEC0048FDFB685B7A0F2B14D1FB680B333B619D
:108EFC003B695B889BB2BA8B9A4204D17B681B6935
:108F0C003A6912781A703B695B78002B27D00123E1
:108F1C00FB7724E0FB680B33BB61BB69B3F8013012
:108F2C009BB2BA8B9A4214D1FB689B7A033BFB75BC
:108F3C007B685A69FB7D9A42A8BF1A467B685A61C6
:108F4C007B681869BB69D91C7B685B691A4602F09F
:108F5C00F3FCBB691B78002B01D00123FB7709487C
:108F6C0000F078FC0346002BB5D0FB7F002BADD076
:108F7C00012000F05FF8002318462037BD4680BD65
:108F8C0008030020FC02002080B586B000AF78609A
:108F9C000F4800F04FFC0F4A7B6813600E4800F03E
:108FAC0049FC0E4B01221A700D4B1B68002B0AD08A
:108FBC007B683B610B4BBB60094B1B6807F10802DC
:108FCC001046984700BF00BF1837BD4680BD00BF94
:108FDC00FC0200209000002088000020940000205B
:108FEC00DC0200208190000880B582B000AF0346FF
:108FFC003A60FB800B467B710C4B1B68FA88A3F81C
:10900C0009200A4B1B687A79DA72084B1B680C33FF
:10901C007A793968184602F08FFC054B1B690021E0
:10902C000020984700BF0837BD4680BD9000002047
:10903C00DC02002080B582B000AF0346FB71FB79E7
:10904C00002B08D10A4B1B68002B0DD0084B1B685A
:10905C000020984708E0064B1B68002B04D0044BFB
:10906C001B680120984700BF00BF0837BD4680BD74
:10907C000403002080B582B000AF78607B685B7A17
:10908C000F2B03D07B685B7A0E2B07D179680948CC
:10909C0000F028FC002001F093F806E079680648FF
:1090AC0000F020FC044801F07FF800BF0837BD46F3
:1090BC0080BD00BFFC0200208800002080B483B07B
:1090CC0000AF78607B68054A1A607B68044A1A61B5
:1090DC0000BF0C37BD465DF8047B7047E193000878
:1090EC004994000880B582B000AF786039603B6865
:1090FC005B68084A1360084A7B68D361064800F035
:10910C0015F93B681B68184600F098F800BF083743
:10911C00BD4680BD2C0300200C03002080B584B01C
:10912C0000AF224800F096FB0346002B2BD1204BBE
:10913C001B78002B27D007F10C0319461B4800F0B5
:10914C0018FC1C4BDB69002B0CD0FB68BB600123AB
:10915C003B71184BDB693A1D104698473A79144B12
:10916C001A7002E0124B01221A70114B1B78002B63
:10917C0004D0FB68184600F071FA04E0FB6819464D
:10918C000A4800F089FB094800F064FB0346002BF9
:10919C0007D1074B1B78002B03D00448F7F738FC9A
:1091AC0000BF00BF1037BD4680BD00BF9800002037
:1091BC00A80000200C03002080B584B000AFBA607A
:1091CC007B600346FB810B467B73002000F068F844
:1091DC00174B1B68FA89A3F80920154B1B687A7B7F
:1091EC00DA72134B1B680C337A7BB968184602F0A1
:1091FC00A3FB104B01221A700F4B1B69002100209E
:10920C00984748F2E800F7F71AFC7B6803F108006E
:10921C00074B1968064B1B689B7803331A4602F000
:10922C008BFB012000F03CF800BF1037BD4680BD21
:10923C00A4000020300300200C03002080B586B071
:10924C0000AF7860104A7B681360104800F0F2FAA7
:10925C00012000F025F80E4B01221A700D4B1B68F3
:10926C00002B0CD07B687B610B4BFB600B4B3B6189
:10927C00084B1B6807F10C021046984700BF00BF53
:10928C001837BD4680BD00BFA40000209800002008
:10929C00A80000200C030020FD9200081593000884
:1092AC0080B582B000AF0346FB71FB79002B0BD16C
:1092BC000D4B1B68002B03D00B4B1B6800209847F1
:1092CC000A4B00221A700BE0084B01221A70064B55
:1092DC001B68002B04D0044B1B680120984700BF6F
:1092EC0000BF0837BD4680BD2C030020A000002025
:1092FC0080B582B000AF78600020F7F795FB00BF17
:10930C000837BD4680BD000080B582B000AF7860E4
:10931C007968054800F0E6FA0348F7F779FB00BFD7
:10932C000837BD4680BD00BF9800002080B483B0D4
:10933C0000AF78607B68054A1A607B68044A1A6142
:10934C0000BF0C37BD465DF8047B7047F5940008F0
:10935C004995000880B500AF01F03EFF00BF80BD0D
:10936C0080B500AF104B114A1A600F4B104A5A606F
:10937C000D4B104A9A600C4B0F4A1A620A4B0F4A5B
:10938C005A62094B0E4ADA60074B0E4A1A61064BB9
:10939C000D4A5A61044B0D4A9A61034B0C4ADA612F
:1093AC0001F02EFF00BF80BD000003202800032029
:1093BC00480003205800032068000320700003209D
:1093CC0078000320800003209C000320A0000320D1
:1093DC00AC00032080B584B000AF78607B68FB6084
:1093EC00114800F027FA114B5B68BB60FB689A6868
:1093FC00BB681A60FB68DA68BB68DA60BB680C4A49
:10940C005A60BB68084A9A6001F010FFFB681B6841
:10941C00084A1360FB685B68074A13600023184610
:10942C001037BD4680BD00BFC800032000000320DC
:10943C00580A03203C0300204003002080B582B072
:10944C0000AF78600B467B80094B5B681B68012280
:10945C001A72074B5B681B681946012000F06CF907
:10946C0001F0EEFE002318460837BD4680BD00BF54
:10947C000000032080B582B000AF1CE03B1D1946F4
:10948C00124800F076FA7B685B7A0F2B03D07B686E
:10949C005B7A0E2B05D17B681946022000F04CF943
:1094AC0004E07B681946032000F046F9084B1B6862
:1094BC007A6810469847054800F0CCF90346002B13
:1094CC00DCD000BF0837BD4680BD00BFC8000320FC
:1094DC003C03002080B500AF024B1B68984700BFCF
:1094EC0080BD00BF4003002080B584B000AF786021
:1094FC007B68FB600D4800F09DF90D4BDB68BB6091
:10950C00FB689A68BB681A60BB68084A5A6001F02D
:10951C00B9FEFB681B68074A1360FB685B68064A68
:10952C001360002318461037BD4680BDD0000320C1
:10953C0000000320440300204803002080B582B0C3
:10954C0000AF78600B467B80094BDB681B681022F0
:10955C001A72074BDB681B681946042000F0ECF804
:10956C0001F09AFE002318460837BD4680BD00BFA7
:10957C000000032080B500AF074BDB681B68194661
:10958C00052000F0D9F8054B1B68034AD268126815
:10959C001046984700BF80BD000003204403002004
:1095AC0080B582B000AF0EE03B1D19460B4800F0B1
:1095BC00E0F97B681946062000F0BEF8084B1B68E2
:1095CC007A6810469847054800F044F90346002B8A
:1095DC00EAD000BF0837BD4680BD00BFD0000320D5
:1095EC004803002080B582B000AF7860174800F0C7
:1095FC0021F9174800F01EF9164B1B69164A136027
:10960C00154B1B687A6892689A60134B1B687A68D2
:10961C00D268DA60104B1B680C4A1A610E4B1B683F
:10962C007A6812681A600C4B1B687A6852685A6028
:10963C00094B1B687A6812695A61074B1B687A6878
:10964C0052699A6100BF0837BD4680BDB80003203F
:10965C0034030020000003204C03002080B582B0AE
:10966C0000AF78607968074800F03CF97968002011
:10967C0000F062F8044801F035FE00BF0837BD4623
:10968C0080BD00BF340300209996000880B582B0DD
:10969C0000AF0CE03B1D19460A4800F06AF90A4B72
:1096AC001B691B697A681146184600F01BF90548BE
:1096BC0000F0D0F80346002BECD000BF0837BD46B5
:1096CC0080BD00BF340300200000032080B500AF34
:1096DC00054800F0AFF8054B5B69034A1A6001F0CE
:1096EC0037FE00BF80BD00BFC00003200000032078
:1096FC0080B582B000AF08E03B1D1946084800F069
:10970C0038F97B68184600F00DF8054800F0A2F80F
:10971C000346002BF0D000BF0837BD4680BD00BF0C
:10972C00C000032080B483B000AF786000BF0C375A
:10973C00BD465DF8047B704780B485B000AF03462E
:10974C003960FB71FB79062B45D801A252F823F046
:10975C00799700089D970008A3970008B797000811
:10976C00C3970008C9970008D79700083B68FB60AF
:10977C00FB685B7AFF2B05D0FF2B05DC0E2B05D08D
:10978C000F2B01E000BF27E000BF25E000BF23E066
:10979C003B68BB6020E03B68FB60FB685B7A0E2B90
:1097AC0001D00F2B00E000BF16E03B68FB60FB68AC
:1097BC005B7AFF2B10E03B68BB600DE03B68FB6005
:1097CC00FB685B7A0E2B00BF06E03B68FB60FB6816
:1097DC005B7AFF2B00E000BF00BF1437BD465DF87D
:1097EC00047B704780B485B000AF0346FB710F4B10
:1097FC00FB6002E0FB68083BFB60FB6807331B78EF
:10980C00FA799A4203D0FB68094A9342F2D1FB6879
:10981C0007331B78FA799A4201D00023FB60FB686E
:10982C0018461437BD465DF8047B7047F873FF1F6C
:10983C000070FF1F80B483B000AF78607B687A68DB
:10984C001A607B687A685A6000BF0C37BD465DF8B9
:10985C00047B704780B487B000AF7860EFF310835F
:10986C00FB60FB683B6172B600BF7B681B687A6863
:10987C009A4202D10123FB7501E00023FB753B6981
:10988C00BB60BB6883F3108800BFFB7D18461C3798
:10989C00BD465DF8047B704780B487B000AF78603C
:1098AC003960EFF31083FB60FB687B6172B600BF1D
:1098BC007B681A683B681A603B687A685A607B68F8
:1098CC003A681A603B681B683A685A607B693B616E
:1098DC003B6983F3108800BF00BF1C37BD465DF8A1
:1098EC00047B704780B487B000AF78603960EFF3C9
:1098FC001083FB60FB687B6172B600BF3B687A68C3
:10990C001A607B685A683B685A607B683A685A6090
:10991C003B685B683A681A607B693B613B6983F31F
:10992C00108800BF00BF1C37BD465DF8047B704734
:10993C0080B487B000AF7860EFF31083FB60FB68F6
:10994C007B6172B600BF7B685B687A6812681A60CC
:10995C007B681B687A6852685A607B693B613B691B
:10996C0083F3108800BF00BF1C37BD465DF8047B35
:10997C00704780B586B000AF78603960EFF3108324
:10998C00FB60FB687B6172B600BF7B681A683B6842
:10999C001A607B681B681846FFF7CAFF7B693B613E
:1099AC003B6983F3108800BF00BF1837BD4680BDEC
:1099BC0080B400AF034B1B681846BD465DF8047BB2
:1099CC00704700BF8075FF1F80B400AF034B1B684E
:1099DC00DBB21846BD465DF8047B70478475FF1FEB
:1099EC0080B400AF034B1B681B0A1846BD465DF8DC
:1099FC00047B70478475FF1FB0B590B000AF922305
:109A0C0087F83F30424B3C1D1D460FCD0FC40FCD88
:109A1C000FC40FCD0FC495E8070003C4228000F0DB
:109A2C0097F90121022001F0BBFC3A4A00210420E5
:109A3C0001F018FE3B1D1846FFF7C6F8034687F8E1
:109A4C003E3097F83E30002B01D0F8F713F900F0B8
:109A5C0095F9FEF7F7FF304B002283F880202E4B50
:109A6C004FF6FF72DA822D4A0021012001F0FAFD37
:109A7C002B4A0021022001F0F5FD0620FEF7B4FB75
:109A8C00034687F83F30274B00221A70264B0122E1
:109A9C001A7001F023FA214A0021012001F0E2FDA5
:109AAC001F4A0021022001F0DDFD204A0021102078
:109ABC0001F0D8FD0620FEF797FB034687F83F30F0
:109ACC00184B00221A70184B01221A7000F01DFC62
:109ADC00174B002217490020F7F7AAFC164B00225F
:109AEC0016490020F7F7A4FC0B4B00225A760A4BC0
:109AFC0000221A76124B80221A80124BA0221A8056
:109B0C00012000F00DFA00BF4037BD46B0BD00BFCC
:109B1C00C0B90008F18D00085803002089A0000886
:109B2C0089A10008E4030020E503002069A20008D5
:109B3C00BDA00008D9030020CDA00008DA03002046
:109B4C00DC030020DE03002080B58CB000AF786011
:109B5C00922387F82F307B680133BB62BB6A1B787A
:109B6C00FF2B7AD0FF2B00F3E380052B02D03E2B8A
:109B7C0020D0DDE0BB6A02333B613B69B3F80130B6
:109B8C009AB26F4BDB8A9A4206D16D4B0022DA8275
:109B9C006B4B002283F88020012000F0C1F9694B47
:109BAC0001221A70664BDA8A664B5A80654800F0BF
:109BBC00B2FBC0E0BB6A0233FB61FB691B780C2B68
:109BCC0005D00C2B45DC012B17D0032B41E0FB6996
:109BDC000133BB615A4BDB8A07F10E0207F10F010F
:109BEC001846FEF700FC034687F82F3097F82F3005
:109BFC00002B30D1FB7B022B2DE0FB6901337B6109
:109C0C004F4B93F881301846F7F78CFC4C4B93F87C
:109C1C008030042B04D14A4B062283F8802003E0C9
:109C2C00474B052283F880207B69B3F801309AB248
:109C3C00434BDA82434B00221A70414BDA8A414B78
:109C4C005A80404800F067FB0021102001F02CFDE9
:109C5C0002E000BF6FE000BF6DE0BB6A02337B62C5
:109C6C007B6A1B889BB2B3F5416F59D0B3F5416F3A
:109C7C0060DC40F60E4293424CD040F60E429342CA
:109C8C0058DCB3F5006F29D0B3F5006F52DC042B10
:109C9C004AD0042B4EDB40F20A4293424ADCB3F525
:109CAC00806F47DDA3F20143092B43D801A252F880
:109CBC0023F000BF199D0008F19C0008419D00088D
:109CCC00419D0008419D0008419D0008399D0008F8
:109CDC00419D0008059D0008399D00081A4B012282
:109CEC001A7024E0164BDB8A18491846FDF726FC3F
:109CFC00034687F82F301AE0114BDB8A01211846F6
:109D0C00FDF7C6FD034687F82F3010E07B6A02335F
:109D1C003B620CE00A4BDB8A1846FEF724F906E09E
:109D2C00042001F02DFD02E000BF03E000BF01E0C4
:109D3C0000BF00E000BF012318463037BD4680BD90
:109D4C0058030020E0030020E503002007B20100C7
:109D5C0080B582B000AF064B3B60064B7B603B4648
:109D6C0019460548FFF722F800BF0837BD4680BDED
:109D7C00D800032031A20008F9A10008F0B58DB07D
:109D8C0006AF00233B809223FB75FEF781FA034656
:109D9C00FB7500F02FF938613A6906210020FEF7B7
:109DAC0037F90346FB753B6905331A78564B1A7223
:109DBC003B6904331A78544B5A723B6903331A7853
:109DCC00514B9A723B6902331A784F4BDA723B69EA
:109DDC0001331A784C4B1A733B691A784A4B5A73F5
:109DEC004A4A10211820FEF713F90346FB75484A1E
:109DFC0010210820FEF70CF90346FB751F210120EA
:109E0C00FEF78BF90346FB75FDF7A9FD0346FB75C1
:109E1C000023FB73FB7B43F00103FB73FB7B002BE9
:109E2C001FD03C4BBB60BA1DF87BBB1C01933B1D88
:109E3C000093134606220021FDF7E7FB0346FB7552
:109E4C00FC88BD88B868F6F773F90346DAB2BB68CC
:109E5C0000931346002229462046FDF783FF034654
:109E6C00FB75F88879883B46009302230022FDF7A6
:109E7C0079FF0346FB75022202210020FEF731FB1D
:109E8C000346FB75244B01221A70234B1B78184692
:109E9C00FDF73CFA0346FB751F4B01225A701E4B13
:109EAC0008221A711C4B10225A711B4B0122DA70BA
:109EBC00194B1A4A9A60184B01229A70164B9C78CF
:109ECC00154B5D78144B1B79134A52791249C9789A
:109EDC001148806800260496039002910192009329
:109EEC000023012229462046FDF764FA0346FB7540
:109EFC00094B9B78002B03D0FDF7A6FC0346FB75A2
:109F0C0000BF1C37BD46F0BD2C000020D4BB0008A0
:109F1C00E4BB0008FCB900085803002007B201009C
:109F2C0080B58CB008AF0346FB719223FB73FB79B1
:109F3C00012B06D12A4B1B88BB812A4B1B887B81AA
:109F4C0005E04FF4C863BB814FF47A637B81264BE9
:109F5C0093F881301846F7F7E5FAFB79022B0DD10F
:109F6C00214B93F88030012B04D01F4B93F8803099
:109F7C00022B03D1FDF7ACF80346FB731A4AFB79AD
:109F8C0082F880300023069300230593002304936A
:109F9C0000230393002302930023019300230093D7
:109FAC000023A02280210020FDF7B6F80346FB73A6
:109FBC000E490E20FDF7D6FB0346FB73FB7B002BF3
:109FCC000AD1FB79012B07D1074B93F88130084953
:109FDC001846F7F72BFB00BF00BF1037BD4680BDFE
:109FEC00DC030020DE030020580300201C000020AE
:109FFC0046E0010080B586B000AFFFF7D9FC3861B0
:10A00C003B69B3F1FF3F23D0FFF7EAFCB860FFF7E1
:10A01C00DBFC78603B69DAB2164B1A703B691B0AA1
:10A02C00DAB2144B5A707B68DAB2124B9A70BB6876
:10A03C00DAB2104BDA70BB681B0ADAB20D4B1A712C
:10A04C00BB681B0CDAB20B4B5A710A4B7B610BE0F1
:10A05C000020FFF7C7FBF860FB68002B02D0FB6801
:10A06C007B6101E0044B7B617B6918461837BD4668
:10A07C0080BD00BF50030020CCBB000880B582B06F
:10A08C0000AF0A4B93F88030052B0AD09223FB715A
:10A09C00FDF71EF80346FB71044B002283F8802069
:10A0AC0000BF00BF0837BD4680BD00BF580300206D
:10A0BC0080B500AF0021012001F0F6FA00BF80BD91
:10A0CC0080B400AF00BFBD465DF8047B7047000054
:10A0DC0090B589B002AF0346FB80244B1B78012B53
:10A0EC003FD1224B00221A70214B1B780133002BDD
:10A0FC0003F00103B8BF5B42DAB21D4B1A701C4B64
:10A10C001B781C4A9B00134493ED007AF7EE046A0B
:10A11C00C7EE267AFDEEE77A17EE903AFB82144BE7
:10A12C001B78144A9B00134493ED007AF7EE046AF3
:10A13C00C7EE267AFDEEE77A17EE903ABB82002343
:10A14C007B824FF4FA733B820B4BD88A7C8ABA8A97
:10A15C00F98A3B8A00932346FEF740FA0346FB73C9
:10A16C0000BF00BF1C37BD4690BD00BFE5030020FB
:10A17C00E4030020140000205803002080B500AF39
:10A18C00084B93F88030012B0AD0064B93F88030A3
:10A19C00002B05D0034BDB8A1846FFF799FF00BF55
:10A1AC0000BF80BD5803002080B582B000AF78603E
:10A1BC000021042001F078FA00BF0837BD4680BDAD
:10A1CC0080B582B000AF7860012001F0D9FA00BFF1
:10A1DC000837BD4680BD80B582B000AF78600120E5
:10A1EC0001F0EEFA00BF0837BD4680BD80B584B0E3
:10A1FC0000AF78607B68FB60FB685B6808331846CF
:10A20C00FEF772FC0346FB72FB7A002B03D0FB6853
:10A21C0001221A7003E0FB6800221A7000BF10378D
:10A22C00BD4680BD80B584B000AF0346FB71FB79A1
:10A23C00002B02D0012B06D00BE01F23FB60F8682B
:10A24C0001F05EFA05E01F23FB60F86801F078FA74
:10A25C0000BF00BF1037BD4680BD000080B582B086
:10A26C0000AF0D4BDB8A0D4A1278114640F64802BE
:10A27C001846FEF731F80346FB71074BDB8A18468C
:10A28C00FDF719FE0346FB71042001F099FA00BF9B
:10A29C000837BD4680BD00BF580300204600002093
:10A2AC0080B582B000AF78607B681B78032B10D030
:10A2BC00032B23DC002B02D0012B06D01EE0012047
:10A2CC0000F06AF800F07EF81BE0002000F064F863
:10A2DC0017E07B685B68002B12D07B681B7A012B24
:10A2EC000ED97B685B6801331B78002B14BF0123EC
:10A2FC000023DBB2184600F03BF801E000BF00E0A1
:10A30C0000BF00BF0837BD4680BD80B500AF00F070
:10A31C0067F800BF80BD80B483B000AF786000BF29
:10A32C000C37BD465DF8047B704780B500AF00F07C
:10A33C0049F800BF80BD000080B582B000AF034675
:10A34C000A46FB711346BB71FB79074A52F823008E
:10A35C00FB79064A32F81330BA791946FAF788FABB
:10A36C0000BF0837BD4680BDF4BB000800BC000828
:10A37C0080B582B000AF0346FB71FB79002B14BF94
:10A38C0001230023DBB219460220FFF7D5FF00BFE3
:10A39C000837BD4680BD000080B483B000AF0346D3
:10A3AC00FB71FB79002B01D0012200E00022044B51
:10A3BC001A7000BF0C37BD465DF8047B704700BFB8
:10A3CC003A00002080B500AF044B01221A70002126
:10A3DC00082001F069F900BF80BD00BF3A000020E1
:10A3EC0080B582B000AF00237B6008E07B68DBB2F5
:10A3FC000021184600F046FA7B6801337B607B68CD
:10A40C00032BF3D900F0C2FA00237B6007E01F4A4C
:10A41C007B68134400221A707B6801337B607B6875
:10A42C00F52BF4D900237B6008E0194A7B684FF4C4
:10A43C00805122F813107B6801337B607B684B2BB7
:10A44C00F3D97F211348F9F701FC0346002B01D007
:10A45C00F7F710FC1048FCF769FA0346002B01D003
:10A46C00F7F708FC4C220A490A48F8F741FC034666
:10A47C00002B01D0F7F7FEFB084A0021082001F061
:10A48C00F1F800BF0837BD4680BD00BFE8030020CF
:10A49C00E0040020680100208C020020ADA400081C
:10A4AC0080B582B000AF224B1B78002B04D0214B1F
:10A4BC001B78DBB2002B08D11D4B1B78002B33D043
:10A4CC000021082001F0F0F82EE01B49002000F0DC
:10A4DC00AFFC0346FB71FB79642B03D1144B0022B8
:10A4EC001A7022E0134B00221A70144B1B88013394
:10A4FC009AB2124B1A80114B1B88142B04D10121D8
:10A50C000020FFF719FF0AE00C4B1B88282B06D103
:10A51C0000210020FFF710FF084B00221A800021B9
:10A52C00082001F0C1F800E000BF0837BD4680BD2F
:10A53C003A00002078050020E80300208005002068
:10A54C0080B584B000AF78607B68114A93421BD110
:10A55C00104B1B78DBB2002B0CBF01230023DBB2AA
:10A56C001A460D4B1A700C4B1B78002B0DD0002388
:10A57C00FB6005E0F86800F041F9FB680133FB6013
:10A58C00FB68252BF6D900E000BF1037BD4680BD17
:10A59C0068010020780500207905002080B584B082
:10A5AC0000AF78607B68504A934240F098804F4BE4
:10A5BC001B780133DAB24D4B1A704C4B1B78142BB1
:10A5CC0003D901210120FFF7B7FE484B1B78282B3C
:10A5DC0006D900210120FFF7AFFE444B00221A7070
:10A5EC00434B1B78002B68D0424B1B78DBB2002B03
:10A5FC0063D12623FB6005E0F86800F0FFF8FB68E8
:10A60C000133FB60FB684B2BF6D93B4BA6221A702F
:10A61C00394B6A225A70384B02229A70364B4C22B4
:10A62C00DA70364B1B881B0A9BB2DAB2324B1A71AA
:10A63C00324B1B88DAB2304B5A712F4B07229A716E
:10A64C002D4BD022DA712E4B1B681B0EDAB22A4B23
:10A65C001A722B4B1B681B0CDAB2274B5A72284B05
:10A66C001B681B0ADAB2244B9A72254B1B68DAB2B0
:10A67C00214BDA72F023FB6007E01F4AFB6813449E
:10A68C0000221A70FB680133FB60FB68F32BF4D9D2
:10A69C00F421194800F038F803467B817B891B0AAA
:10A6AC009BB2DAB2144B83F8F4207B89DAB2124BEA
:10A6BC0083F8F5200F4B01221A700D4B00221A70F3
:10A6CC000E4B1B8801339AB20C4B1A800C4B1B6837
:10A6DC0013330B4A13600B4800F07EF900E000BF07
:10A6EC001037BD4680BD00BF6801002082050020E8
:10A6FC007905002078050020E80300207A05002069
:10A70C007C050020E004002080B485B000AF7860A8
:10A71C000B467B804FF6FF73FB810023BB8128E047
:10A72C00BB897A6813441B781BB21B021AB2B7F9A7
:10A73C000E3053401BB2FB810023FB7213E0B7F9C0
:10A74C000E30002B08DAFB895B009BB283F481533B
:10A75C0083F001039BB202E0FB895B009BB2FB819F
:10A76C00FB7A0133FB72FB7A072BE8D9BB890133E7
:10A77C00BB81BA897B889A42D2D3FB89184614379D
:10A78C00BD465DF8047B704780B487B000AF0346CC
:10A79C000A46FB8013467B71FB88C3F30B037A7963
:10A7AC00134931F812209B1A7B617B79114AD35CD7
:10A7BC00C3F10703012202FA03F33B617B693A6997
:10A7CC0002FB03F303F58023FB60FB68002B01DA2B
:10A7DC00002306E0FB68B3F5002F01D3064B00E025
:10A7EC00FB6818461C37BD465DF8047B704700BFFC
:10A7FC003C00002084050020FFFF070080B586B0D8
:10A80C0000AF78607B68DBB203F00303FB751A4A78
:10A81C007B6832F813309BB2FA7D11461846FFF76D
:10A82C00B3FF3861FB7DDA043B691A43FB7D1349A6
:10A83C00CB5C5B051343FB607A6813465B001344E7
:10A84C000C33BB60FB681B0CD9B20D4ABB681344BC
:10A85C000A461A70FB681A0ABB680133D1B2084A5F
:10A86C00D154BB680233FA68D1B2054AD15400BF47
:10A87C001837BD4680BD00BFE004002084050020D1
:10A88C00E803002080B588B000AF03460A46FB7190
:10A89C001346BB71FB79032B6CD8BB79072B69D89A
:10A8AC00FB79022B26D0022B32DC002B02D0012BA1
:10A8BC0010D02DE0314BFB614FF400537B824FF0F5
:10A8CC009043BB6102233B824FF090437B61042396
:10A8DC00FB812BE04FF09043FB6108237B824FF010
:10A8EC009043BB6110233B824FF090437B6120234C
:10A8FC00FB811BE0224BFB6180237B824FF090435A
:10A90C00BB6180233B821D4B7B610823FB810DE0E7
:10A91C001C4BFB6140237B821A4BBB6180233B8227
:10A92C00184B7B614FF48073FB8100BFBB7903F044
:10A93C000103DAB27B8A1946F869F9F799FFBB79FA
:10A94C005B08DBB203F00103DAB23B8A1946B86943
:10A95C00F9F78EFFBB799B08DBB203F00103DAB287
:10A96C00FB8919467869F9F783FFFB790649BA79AF
:10A97C00CA5400E000BF2037BD4680BD000400482B
:10A98C00000C0048000800488405002080B483B007
:10A99C0000AF0023FB710DE0FB790C4A40F6FF7110
:10A9AC0022F81310FB790A4A002122F81310FB79C4
:10A9BC000133FB71FB79032BEED9064B00221A7085
:10A9CC0000BF0C37BD465DF8047B7047880500203E
:10A9DC00900500209805002080B586B000AF786007
:10A9EC00544B1B78002B08D0524B1B78013BDAB22E
:10A9FC00504B1A70FFF7CAFF98E000237B6133E0DD
:10AA0C007B69DBB203F00303FB747B695B007A6840
:10AA1C0013441B889AB2FB7C474931F813309A4295
:10AA2C0009D27B695B007A681A44FB7C128891B26C
:10AA3C00414A22F813107B695B007A6813441B8827
:10AA4C009AB2FB7C3D4931F813309A4209D97B69A3
:10AA5C005B007A681A44FB7C128891B2374A22F860
:10AA6C0013107B6901337B617B694B2BC8D9344B49
:10AA7C001B780133DAB2324B1A70314B1B780C2B2A
:10AA8C0053D90023FB744AE0FB7C2E4AD35CBB7485
:10AA9C00FB7C2D4A32F813301946FB7C264A32F8DF
:10AAAC001330CB1AFB60FB7C244A32F81330194666
:10AABC00FB7C254A32F81330CB1ABB60FB6840F2A2
:10AACC009A52934204DCBB6840F29952934206DDE1
:10AADC00BB7C002B03D0BB7C013BBB740DE0FB6843
:10AAEC00B3F5806F09DABB68B3F5806F05DABB7C10
:10AAFC00062B02D8BB7C0133BB74FB7C114AD35CA4
:10AB0C00BA7C9A4208D0BA7CFB7C11461846FFF7F7
:10AB1C00B9FE084B03221A70FB7C0133FB74FB7CDF
:10AB2C00032BB1D9FFF732FF00E000BF1837BD4649
:10AB3C0080BD00BF44000020880500209005002047
:10AB4C0098050020840500203C00002080B58EB0C4
:10AB5C0000AF7860002387F837307B6801333B63A4
:10AB6C003B6B1B78FF2B40F0A7803B6B0233FB62E7
:10AB7C00FB6A1B889BB2A3F601431A2B00F2988048
:10AB8C0001A252F823F000BF01AC0008BDAC0008D4
:10AB9C00ABAC0008BDAC0008BDAC0008BDAC0008F7
:10ABAC00BDAC0008BDAC0008BDAC0008BDAC0008D5
:10ABBC00BDAC0008BDAC0008BDAC0008BDAC0008C5
:10ABCC00BDAC0008BDAC0008BDAC0008BDAC0008B5
:10ABDC00BDAC0008BDAC0008BDAC0008A5AC0008BD
:10ABEC00BDAC0008BDAC0008BDAC0008BDAC000895
:10ABFC0087AC0008FB6A02333B623B6A5B889BB202
:10AC0C001A46314B5B8802339A4219D1012387F8DB
:10AC1C0037303B6A1B7A002B02D0012B08D02BE07B
:10AC2C0001233B7307F10C031846FFF739FB23E0B4
:10AC3C0000233B7307F10C031846FFF731FB1BE0B5
:10AC4C003B6A5B889BB21A461F4B9B8801339A4226
:10AC5C0030D1012387F8373003233B733B6ADB8801
:10AC6C009BB2DBB23B753B6A08333B6107F10C03CB
:10AC7C001846FFF715FB1DE01CE0FB6A0233BB62B4
:10AC8C0004233B73BB6A1B889BB2BB8307F10C0389
:10AC9C001846FFF705FB0EE0FFF747FB0BE0FB6ADE
:10ACAC0002337B627B6A5B889AB2084B1A8002E0A3
:10ACBC0000BF02E000BF00E000BF97F83730184635
:10ACCC003837BD4680BD00BF9C050020A205002082
:10ACDC0080B58CB006AF9223FB754F48FDF7EAFEAA
:10ACEC000623BB758F233B71E5237B71B323BB71AB
:10ACFC00D523FB712E233B727F237B724A23BB72BD
:10AD0C009823FB722A233B7348237B737A23BB73F0
:10AD1C00CC23FB7380233B74FE237B740023BB7416
:10AD2C000023FB74BB7D391D3C4A0092012202209A
:10AD3C00FCF73AFE0346FB7519233B71ED237B713F
:10AD4C008223BB71AE23FB71ED233B7221237B72FB
:10AD5C004C23BB729D23FB7241233B7345237B73B6
:10AD6C002223BB738E23FB7381233B74FE237B74E2
:10AD7C000023BB740023FB74284B1888284B1B88BA
:10AD8C003A1D2849059101210491102103910021BC
:10AD9C00029100210191102100910221FCF7DAFEB1
:10ADAC000346FB7519233B71ED237B718223BB7129
:10ADBC00AE23FB71ED233B7221237B724C23BB72C0
:10ADCC009D23FB7241233B7345237B732223BB736F
:10ADDC008E23FB7341233B74FE237B740023BB74D3
:10ADEC000023FB740D4B18880F4B1B883A1D0F4921
:10ADFC00059101210491102103910121029100215F
:10AE0C000191062100910221FCF7A4FE0346FB757B
:10AE1C0000BF1837BD4680BD59AB00089C0500200B
:10AE2C00460000209E05002048000020A0050020C0
:10AE3C0080B586B002AF03463960FB719223FB7379
:10AE4C00FB79002B02D0012B10D01FE0124B18887D
:10AE5C00114B5988114B1B88DAB23B68009313468F
:10AE6C000022FCF77FFF0346FB730FE00A4B1888A8
:10AE7C00094B99880A4B1B88DAB23B68009313463E
:10AE8C000022FCF76FFF0346FB7300BFFB7B1846E9
:10AE9C001037BD4680BD00BF9C0500204600002039
:10AEAC004800002080B483B000AF78607B681B78CA
:10AEBC00032B06D0032B06DC002B06D0012B06D06F
:10AECC0001E000BF04E000BF02E000BF00E000BFF3
:10AEDC0000BF0C37BD465DF8047B704780B400AFF3
:10AEEC0000BFBD465DF8047B7047000080B400AF26
:10AEFC00054BDB68044A43F40043D36000BFBD46F6
:10AF0C005DF8047B704700BF0004005880B483B028
:10AF1C0000AF7860064BD3F8D42005497B68134307
:10AF2C00C1F8D43000BF0C37BD465DF8047B7047C8
:10AF3C000008005880B483B000AF7860054B1A6AE3
:10AF4C0004497B6813430B6200BF0C37BD465DF8A8
:10AF5C00047B70470008005880B485B000AF78605F
:10AF6C004FF0B0431A6D4FF0B0417B6813430B6543
:10AF7C004FF0B0431A6D7B681340FB60FB6800BF59
:10AF8C001437BD465DF8047B704780B485B000AFC4
:10AF9C0078604FF0B043D3F850214FF0B0417B684C
:10AFAC001343C1F850314FF0B043D3F850217B68B4
:10AFBC001340FB60FB6800BF1437BD465DF8047B93
:10AFCC00704780B483B000AF78607B681B6843F433
:10AFDC0080327B681A6000BF0C37BD465DF8047B7D
:10AFEC00704780B483B000AF78607B681B6843F017
:10AFFC0001027B681A6000BF0C37BD465DF8047B0C
:10B00C00704780B483B000AF786039607B685A6851
:10B01C003B681B04DB431A407B685A6000BF0C374B
:10B02C00BD465DF8047B704780B483B000AF786098
:10B03C0039607B685A683B681B041A437B685A600A
:10B04C0000BF0C37BD465DF8047B704780B483B0FD
:10B05C0000AF786039607B685A683B68DB431A4004
:10B06C007B685A6000BF0C37BD465DF8047B7047A7
:10B07C0080B483B000AF786039607B683A689A60BE
:10B08C0000BF0C37BD465DF8047B704780B483B0BD
:10B09C0000AF786039603B681A047B689A6000BF27
:10B0AC000C37BD465DF8047B704780B483B000AFAD
:10B0BC00786039607B68DA683B6813403A689A427A
:10B0CC0001D1012300E0002318460C37BD465DF882
:10B0DC00047B704780B483B000AF786039607B68C4
:10B0EC00DA693B6813403A689A4201D1012300E0C7
:10B0FC00002318460C37BD465DF8047B70470000F2
:10B10C0080B500AF02211848FFF7E4FF0346002B7F
:10B11C0008D0154B5B6803F00203002B02D100F042
:10B12C00D5F81EE001211048FFF7D4FF0346002B91
:10B13C0008D00D4B5B6803F00103002B02D100F02B
:10B14C0089F80EE008210848FFF7C4FF0346002BDE
:10B15C0008D0054B5B6803F00803002B02D100F00C
:10B16C0001F900BF00BF80BD000C005880B500AFD6
:10B17C0002211848FFF799FF0346002B08D1154B05
:10B18C005B6803F40033002B02D100F093F81EE04F
:10B19C0008211048FFF789FF0346002B08D10D4BFF
:10B1AC005B6803F40023002B02D100F0BDF80EE025
:10B1BC0020210848FFF779FF0346002B08D1054BE7
:10B1CC005B6803F40013002B02D100F04FF800BFB2
:10B1DC0000BF80BD000C005880B500AF4FF480104C
:10B1EC00FFF7D3FE4FF40070FFF7A4FE4FF400708E
:10B1FC00FFF78CFE40BF20BFFFF778FE00BF80BD7D
:10B20C0080B500AF4FF48010FFF7A6FE0648FFF79D
:10B21C00E8FE0548FFF7D5FE2C20F8F700FF2D209F
:10B22C00F8F7FDFE00BF80BD000C005880B500AFE4
:10B23C0001210248FFF70AFF00BF80BD000C005837
:10B24C0080B500AF01210248FFF720FF00BF80BD91
:10B25C00000C005880B500AFFEF70CF90121024834
:10B26C00FFF706FF00BF80BD000C005880B500AF93
:10B27C0020210348FFF7D8FEFEF72CF900BF80BD54
:10B28C00000C005880B500AF02210248FFF7DEFE2B
:10B29C0000BF80BD000C005880B500AF02210448EF
:10B2AC00FFF7F4FE02210248FFF7ABFE00BF80BDA2
:10B2BC00000C005880B500AF02210348FFF7B4FE24
:10B2CC00FEF758F900BF80BD000C005880B500AFE8
:10B2DC00FEF766F902210248FFF7CAFE00BF80BDE7
:10B2EC00000C005880B582B000AF786008210C4883
:10B2FC00FFF7DBFE0346002B07D00A4A7B6813607E
:10B30C0008210748FFF77DFE06E07B689847082177
:10B31C000348FFF7BBFE00BF0837BD4680BD00BF2A
:10B32C00000C0058A405002080B500AF0821064889
:10B33C00FFF77AFE054B1B68984708210248FFF778
:10B34C00A5FE00BF80BD00BF000C0058A405002066
:10B35C0080B500AF08210248FFF778FE00BF80BD22
:10B36C00000C005880B500AFFEF7C2F90821024866
:10B37C00FFF77EFE00BF80BD000C005880B400AF0C
:10B38C00054B00221A60054B00221A6000BFBD4617
:10B39C005DF8047B704700BFA8050020AC050020B9
:10B3AC0080B487B000AF78600B46FB70EFF310836E
:10B3BC003B613B697B6172B600BFFB78002B08D008
:10B3CC00012B0ED10D4B1A687B6813430B4A13608B
:10B3DC0008E07B68DA43094B1B681340074A13608B
:10B3EC0000E000BF7B69FB60FB6883F3108800BF43
:10B3FC0000BF1C37BD465DF8047B7047AC050020D0
:10B40C0080B584B000AFEFF31083BB60BB68FB600A
:10B41C0072B600BF124B1B68002B06D0114B1B6879
:10B42C009847104B5B68984710E00F4B1B68002B3C
:10B43C0006D00C4B9B6898470A4BDB68984705E095
:10B44C00084B1B699847074B5B699847FB687B6007
:10B45C007B6883F3108800BF00BF1037BD4680BDEA
:10B46C00A805002034BB0008AC05002080B590B0C6
:10B47C0000AF7860734B1B68BB62724B1A687B68B9
:10B48C001340704A1360704B1B68BB636F4B1B6897
:10B49C007B636F4B1B683B636E4B1B68FB628DE0E1
:10B4AC000023FB6302E0FB6B0133FB636A4AFB6B1B
:10B4BC0052F833203B6B1A40624B1B681340002B35
:10B4CC00F1D0654AFB6B52F833203B6B1A405D4B55
:10B4DC001B6813407B62604AFB6BDB0013445A68A9
:10B4EC007B6A1340002B06D15B4AFB6BDB001344D9
:10B4FC004FF0FF325A60584AFB6BDB0013445A681A
:10B50C007B6A1340184600F0B3F903461A46534BB6
:10B51C001A60514AFB6BDB0013445A684F4B1B6893
:10B52C00012101FA03F3DB431A404B49FB6BDB00AF
:10B53C000B445A60EFF31083BB61BB693B6272B67C
:10B54C0000BF464B1B68012202FA03F3DA433E4B61
:10B55C001B6813403C4A13600223FB6313E0FB6B34
:10B56C00013B3D4A52F833103C4B1B68012202FA56
:10B57C0003F3DA43FB6B013B0A40374941F83320B4
:10B58C00FB6B013BFB63FB6B002BE8D13B6A7B61E4
:10B59C007B6983F3108800BF304B1B68304A52F82C
:10B5AC0023309847284B1B68BB63284B1B687B6375
:10B5BC00274B1B683B63274B1B68FB62BA6B3B6BCF
:10B5CC001A40204B1B681340002B05D07A6BFB6A8A
:10B5DC001340002B3FF464AF204B4FF0FF321A6046
:10B5EC0000F038F9EFF310833B613B69FB6172B6F5
:10B5FC0000BF154B1B68BB63144B1B687B63144B60
:10B60C001B683B63BA6B3B6B1A400E4B1B681340B9
:10B61C00002B07D10F4B1A687B6B1340002B01D109
:10B62C00F5F7E3F9FB69FB60FB6883F3108800BF57
:10B63C0000F017F9034ABB6A136000BF4037BD46E0
:10B64C0080BD00BF50000020B0050020B4050020D4
:10B65C004C000020B805002040060020BC0500204E
:10B66C00C005002080B588B000AFF860B9607A6082
:10B67C00EFF310837B617B69FB6172B600BFF868E6
:10B68C0000F0F6F803461946064A7B6842F821306A
:10B69C00FB69BB61BB6983F3108800BF00BF203717
:10B6AC00BD4680BDC005002080B487B000AF786077
:10B6BC003960EFF31083FB60FB687B6172B600BFEF
:10B6CC000D4B1A687B6813430B4A13600B4A3B689B
:10B6DC0052F833207B681A4308493B6841F8332001
:10B6EC007B693B613B6983F3108800BF00BF1C374B
:10B6FC00BD465DF8047B7047B00500204006002075
:10B70C0080B487B000AF7860EFF31083FB60FB6808
:10B71C007B6172B600BF7B68DA43084B1B68134031
:10B72C00064A13607B693B613B6983F3108800BF59
:10B73C0000BF1C37BD465DF8047B70474C000020F1
:10B74C0080B487B000AF7860EFF31083FB60FB68C8
:10B75C007B6172B600BF094B1A687B681343074ABA
:10B76C0013607B693B613B6983F3108800BF00BFAA
:10B77C001C37BD465DF8047B704700BF4C000020B1
:10B78C0080B487B000AF7860EFF31083FB60FB6888
:10B79C007B6172B600BF094B1A687B681343074A7A
:10B7AC0013607B693B613B6983F3108800BF00BF6A
:10B7BC001C37BD465DF8047B704700BFB405002004
:10B7CC0080B588B000AF78601F4B1B68BB611E4B07
:10B7DC001B68B3F1FF3F02D10023FB6105E01A4B5C
:10B7EC001B68012202FA03F3FB61184B1B687B6197
:10B7FC00164A7B68136003E07968F869F5F7FBF883
:10B80C00134B1A687B681340002BF5D00E4ABB69AA
:10B81C001360EFF31083BB60BB683B6172B600BF73
:10B82C007B68DA430A4B1B681340094A13603B6977
:10B83C00FB60FB6883F3108800BF044A7B691360CC
:10B84C0000BF2037BD4680BDBC050020B8050020D8
:10B85C00B405002080B400AF00BFBD465DF8047B8A
:10B86C00704780B400AF00BFBD465DF8047B7047E5
:10B87C0080B485B000AF78600023FB737B68BB603D
:10B88C00BB68B3F5803F04D21023FB73BB681B0469
:10B89C00BB60BB68B3F1807F05D2FB7B0833FB73C5
:10B8AC00BB681B02BB60BB68B3F1805F05D2FB7B3E
:10B8BC000433FB73BB681B01BB60BB681B0F074ADF
:10B8CC00D25CFB7B1344FB73FB7BC3F11F03DBB22A
:10B8DC0018461437BD465DF8047B704708BC000859
:10B8EC0002440346934200D1704703F8011BF9E769
:10B8FC0070B50D4D0D4C641BA4100026A64209D149
:10B90C000B4D0C4C00F026F8641BA4100026A6422C
:10B91C0005D170BD55F8043B98470136EEE755F854
:10B92C00043B98470136F2E720BC000820BC000815
:10B93C0020BC000824BC00080A44914200F1FF33EB
:10B94C0000D1704710B511F8014B03F8014F91422B
:10B95C00F9D110BDF8B500BFF8BC08BC9E467047C5
:0CB96C00F8B500BFF8BC08BC9E46704750
:10B9780000000000000000000000000004BA0008F9
:10B98800E4010320E801032026040400120000005B
:10B9980024000000360000004000000006000000FF
:10B9A8000C00000010000000000000000100000072
:10B9B800020000000300000000000000000000007A
:10B9C8000000000000000000000000004400080023
:10B9D800400502011C3CFB00F4010000FFFFFFFFD3
:10B9E800480101000020D80600037206000000008C
:10B9F8000D0000005448554C585400000000004801
:10BA0800010000000000004801000000000000489C
:10BA1800010000000000004801000000000000488C
:10BA2800010000000000004801000000000000487C
:10BA3800010000000000004801000000000000486C
:10BA4800010000000000004801000000000000485C
:10BA5800010000000000004801000000000000484C
:10BA6800010000000000004801000000000000483C
:10BA7800010000000000004801000000000000482C
:10BA8800010000000000004801000000000000481C
:10BA9800010000000000004801000000000000480C
:10BAA80001000000000000480100000000000048FC
:10BAB80001000000000000480100000000000048EC
:10BAC80001000000000000480100000000000048DC
:10BAD80001000000000000480100000000000048CC
:10BAE80001000000000000480100000000000048BC
:10BAF80001000000000000480100000000000048AC
:10BB0800010000000000004801000000000000489B
:10BB1800010000000000004801000000000000488B
:10BB2800010000000000004801000000B71E0008E6
:10BB3800C91E00088B1E0008A71E00085F1E00080B
:10BB48007F1E00080100000003000000050000003F
:10BB58000100000001000000060000000A000000CB
:10BB6800200000000200000004000000080000009F
:10BB780010000000400000008000000000010000EC
:10BB880000020000A0860100400D0300801A060094
:10BB980000350C0040420F0080841E0000093D0063
:10BBA80000127A000024F40000366E010048E80113
:10BBB800006CDC0200000000000000000000000033
:10BBC800000000003333332222220000123456785A
:10BBD8009ABCDEF0123456789ABCDEF0FEDCBA0964
:10BBE80087654321FEDCBA098765432100040048C4
:10BBF8000004004800040048200001000200000082
:10BC0800040302020101010100000000000000001D
:08BC18002445FF7F010000003C
:04BC2000B501000862
:04BC24008D01000886
:10BC280000093D001000000001000000000048422B
:10BC380000007A440DFF01880000000000000000A9
:10BC4800000000000DFF018300000000000000005C
:10BC58000000010000080008000800080300F600C2
:0CBC680002000000FFFFFFFFFFFFFFFFD6
:10BC740000000000000000000000000000000000C0
:10BC840000000000000000000000000000000000B0
:10BC940000000000000000000000000000000000A0
:10BCA4000000000000000000000000000000000090
:01BCB400008F
:10BCB500000000000000000000000000000000007F
:01BCC500007E
:10BCC600000000000000000000000000000000006E
:10BCD600000000000000000000000000000000005E
:10BCE600000000000000000000000000000000004E
:10BCF600000000000000000000000000000000003E
:10BD0600000000000000000000000000000000002D
:10BD1600000000000000000000000000000000001D
:10BD2600000000000000000000000000000000000D
:10BD360000000000000000000000000000000000FD
:10BD460000000000000000000000000000000000ED
:10BD560000000000000000000000000000000000DD
:10BD660000000000000000000000000000000000CD
:10BD760000000000000000000000000000000000BD
:10BD860000000000000000000000000000000000AD
:10BD9600000000000000000000000000000000009D
:10BDA600000000000000000000000000000000008D
:10BDB600000000000000000000000000000000007D
:10BDC600000000000000000000000000000000006D
:10BDD600000000000000000000000000000000005D
:10BDE600000000000000000000000000000000004D
:10BDF600000000000000000000000000000000003D
:10BE0600000000000000000000000000000000002C
:10BE1600000000000000000000000000000000001C
:10BE2600000000000000000000000000000000000C
:10BE360000000000000000000000000000000000FC
:10BE460000000000000000000000000000000000EC
:10BE560000000000000000000000000000000000DC
:10BE660000000000000000000000000000000000CC
:10BE760000000000000000000000000000000000BC
:10BE860000000000000000000000000000000000AC
:10BE9600000000000000000000000000000000009C
:10BEA600000000000000000000000000000000008C
:10BEB600000000000000000000000000000000007C
:10BEC600000000000000000000000000000000006C
:10BED600000000000000000000000000000000005C
:10BEE600000000000000000000000000000000004C
:10BEF600000000000000000000000000000000003C
:10BF0600000000000000000000000000000000002B
:10BF1600000000000000000000000000000000001B
:10BF2600000000000000000000000000000000000B
:10BF360000000000000000000000000000000000FB
:10BF460000000000000000000000000000000000EB
:10BF560000000000000000000000000000000000DB
:10BF660000000000000000000000000000000000CB
:10BF760000000000000000000000000000000000BB
:10BF860000000000000000000000000000000000AB
:10BF9600000000000000000000000000000000009B
:10BFA600000000000000000000000000000000008B
:10BFB600000000000000000000000000000000007B
:10BFC600000000000000000000000000000000006B
:10BFD600000000000000000000000000000000005B
:10BFE600000000000000000000000000000000004B
:10BFF600000000000000000000000000000000003B
:10C00600000000000000000000000000000000002A
:10C01600000000000000000000000000000000001A
:10C02600000000000000000000000000000000000A
:10C0360000000000000000000000000000000000FA
:10C0460000000000000000000000000000000000EA
:10C0560000000000000000000000000000000000DA
:10C0660000000000000000000000000000000000CA
:10C0760000000000000000000000000000000000BA
:10C0860000000000000000000000000000000000AA
:10C09600000000000000000000000000000000009A
:10C0A600000000000000000000000000000000008A
:10C0B600000000000000000000000000000000007A
:10C0C600000000000000000000000000000000006A
:10C0D600000000000000000000000000000000005A
:10C0E600000000000000000000000000000000004A
:10C0F600000000000000000000000000000000003A
:10C106000000000000000000000000000000000029
:10C116000000000000000000000000000000000019
:10C126000000000000000000000000000000000009
:10C1360000000000000000000000000000000000F9
:10C1460000000000000000000000000000000000E9
:10C1560000000000000000000000000000000000D9
:10C1660000000000000000000000000000000000C9
:10C1760000000000000000000000000000000000B9
:10C1860000000000000000000000000000000000A9
:10C196000000000000000000000000000000000099
:10C1A6000000000000000000000000000000000089
:10C1B6000000000000000000000000000000000079
:10C1C6000000000000000000000000000000000069
:10C1D6000000000000000000000000000000000059
:10C1E6000000000000000000000000000000000049
:10C1F6000000000000000000000000000000000039
:10C206000000000000000000000000000000000028
:10C216000000000000000000000000000000000018
:10C226000000000000000000000000000000000008
:10C2360000000000000000000000000000000000F8
:10C2460000000000000000000000000000000000E8
:10C2560000000000000000000000000000000000D8
:10C2660000000000000000000000000000000000C8
:10C2760000000000000000000000000000000000B8
:10C2860000000000000000000000000000000000A8
:10C296000000000000000000000000000000000098
:10C2A6000000000000000000000000000000000088
:10C2B6000000000000000000000000000000000078
:10C2C6000000000000000000000000000000000068
:10C2D6000000000000000000000000000000000058
:10C2E6000000000000000000000000000000000048
:10C2F6000000000000000000000000000000000038
:10C306000000000000000000000000000000000027
:10C316000000000000000000000000000000000017
:10C326000000000000000000000000000000000007
:10C3360000000000000000000000000000000000F7
:10C3460000000000000000000000000000000000E7
:10C3560000000000000000000000000000000000D7
:10C3660000000000000000000000000000000000C7
:10C3760000000000000000000000000000000000B7
:10C3860000000000000000000000000000000000A7
:10C396000000000000000000000000000000000097
:10C3A6000000000000000000000000000000000087
:10C3B6000000000000000000000000000000000077
:10C3C6000000000000000000000000000000000067
:10C3D6000000000000000000000000000000000057
:10C3E6000000000000000000000000000000000047
:10C3F6000000000000000000000000000000000037
:10C406000000000000000000000000000000000026
:10C416000000000000000000000000000000000016
:10C426000000000000000000000000000000000006
:10C4360000000000000000000000000000000000F6
:10C4460000000000000000000000000000000000E6
:10C4560000000000000000000000000000000000D6
:10C4660000000000000000000000000000000000C6
:10C4760000000000000000000000000000000000B6
:10C4860000000000000000000000000000000000A6
:10C496000000000000000000000000000000000096
:10C4A6000000000000000000000000000000000086
:10C4B6000000000000000000000000000000000076
:10C4C6000000000000000000000000000000000066
:10C4D6000000000000000000000000000000000056
:10C4E6000000000000000000000000000000000046
:10C4F6000000000000000000000000000000000036
:10C506000000000000000000000000000000000025
:10C516000000000000000000000000000000000015
:10C526000000000000000000000000000000000005
:10C5360000000000000000000000000000000000F5
:03C54600000000F2
:04000005080023F5D7
:00000001FF
